date,auto_sales,domestic_cement_sales,usd_pkr,textile_exports,fertilizers_sales,oil_imports,machinery_imports,borrowing,cps,m2,cpi,wpi,lsm
2007-07-31,16739,1947.1,60.397777,883964.353,818,843225.37,439193.102,851369.8300000001,2425139.11,3990281.5807302794,6.373721992603887,7.5967043708979,76.44715701996915
2007-08-31,25543,1963.1,60.514486,922838.143,541,649169.263,439510.333,900030.5777240002,2434116.5946000014,4012540.9196110996,6.452768029793021,8.016351416891832,86.0460830473298
2007-09-30,19063,1805.1,60.637597,867162.791,313,587355.131,387917.972,885030.5337999999,2475651.37615,4120170.1557020904,8.374384236453224,9.277781609988269,85.43787918178457
2007-10-31,19676,1741.1,60.67954,924647.851,427,707506.518,445088.295,884470.9497999998,2517839.8191499976,4118010.201442588,9.312086504944151,11.812006100097072,83.89619930222551
2007-11-30,20365,1989.7,61.000254,916994.593,901,1010700.345,495483.276,945451.2548,2582671.9239519993,4153050.764672229,8.672928879158137,12.63570152535387,88.63972603013913
2007-12-31,15065,1493.7,61.179753,804162.853,806,966431.273,435703.915,1038660.8198,2740961.592,4406845.50730329,8.793757908055678,12.150876232201524,88.67829298735154
2008-01-31,19564,1650.7,62.366726,910862.149,622,878503.565,435450.494,1042376.9068000002,2724651.3805999993,4301689.824540741,11.857315084036602,15.533846047252808,99.92167886311553
2008-02-29,19937,1846.5,62.618509,823476.191,403,892546.778,396667.086,1106479.174296,2753046.8370000003,4332953.973007649,11.251491542079028,16.364513683049566,97.61544678961239
2008-03-31,22243,2295.5,62.750028,834509.511,451,876396.402,476381.679,1119187.2087999997,2832887.2010000004,4408088.192778879,14.116085772158993,19.788468099624712,103.04046841354041
2008-04-30,22833,1989.3,63.555589,880170.348,396,1177782.516,482381.755,1143278.342718,2850904.0769999996,4406376.802414381,17.21208745300098,23.50084317032039,91.67550507574185
2008-05-31,21419,1922.4,67.60094,890828.607,531,1570892.402,477710.48,1174561.8618,2863288.406,4470272.58158361,19.27004277632125,28.23780609861879,88.92957532827855
2008-06-30,24720,1932.6,67.256293,934299.226,432,1155758.237,565507.119,1364603.8088000002,2889814.350299999,4689142.88971365,21.53136404324176,30.623020063357952,83.94178818913048
2008-07-31,11342,1794.9,70.589615,971753.756,522,1317328.509,460804.364,1422849.0346100002,2844191.950999999,4554633.935688147,25.587620377785036,30.212596803124782,83.60396207382047
2008-08-31,14664,1550.1,74.292639,943841.54,445,1583013.576,372775.839,1495107.707242,2864193.853416999,4592202.843850268,26.12186604774649,31.160370283634276,81.05635009479373
2008-09-30,14451,1540.6,77.166756,912154.664,492,1739760.234,415801.104,1485846.134635,2972875.676999999,4673789.969726998,24.479449483081183,29.703724818617204,80.43371117948446
2008-10-31,16888,1521.3,80.433073,889618.154,698,1259317.699,424179.371,1529472.3021660002,2999080.4208689993,4615552.64535661,24.680178817836527,26.014617681604957,79.85600051039039
2008-11-30,13531,1683.4,79.923933,805019.3,608,773342.606,421849.517,1632609.1984180005,3031500.214000001,4684700.307809271,24.11569417592656,19.98049545908316,81.65098536294931
2008-12-31,10163,1366.4,78.923756,806834.37,636,711943.174,486662.832,1574897.6806000003,3086758.4269999997,4791898.54065398,23.097280415240927,19.67185366286186,85.25323139580395
2009-01-31,12596,1685.7,79.08561,795594.207,643,518389.025,347930.176,1633395.0973780004,3042051.623999999,4733628.27134794,21.07831016832449,17.52554931587216,93.80802109105637
2009-02-28,10337,1728.3,79.448514,752464.326,547,508393.38,335798.365,1712554.83171,3021326.017200001,4780715.657560116,22.145474501368167,17.19319333008247,95.18447333810924
2009-03-31,13699,2021.7,80.235527,766892.176,539,492643.65,357459.458,1570238.9498,2964065.5499999993,4805286.798735488,18.928701291323492,13.194583381184868,87.47600484249185
2009-04-30,14840,1840.8,80.395759,748768.406,471,592602.59,382625.617,1604115.0445070001,2936699.5659999996,4756937.53134837,16.583778378009395,10.361597161506264,83.03299390157848
2009-05-31,14575,1813.3,80.526781,742699.06,561,587982.533,287111.855,1674989.5125119998,2901974.896,4982775.685859579,13.452851621873352,6.517374219681171,84.00280523151824
2009-06-30,16397,1986.9,80.957404,810088.603,686,870733.873,370713.773,1681022.0768,2906896.708,5137218.718706611,12.085772008636363,4.706529803945569,82.48646171399531
2009-07-31,14267,1755.7,82.006197,840148.102,844,865919.094,326867.71,1788893.3844890003,2847336.444000001,5042357.3556519,8.998664887,5.08974467,79.65840280989013
2009-08-31,16044,1998.8,82.771632,786086.595,803,826151.297,283158.813,1784407.3368,2825684.6920000003,5046817.778932901,9.062281316,5.672703217,82.3302515032522
2009-09-30,14069,1741.4,82.846196,844222.395,639,1069862.898,290288.675,1719098.3267396498,2832315.915,5175801.4349170085,8.383233533,6.015470704,78.22330990841526
2009-10-31,18752,1919.1,83.217567,910338.903,566,1001497.759,317643.174,1750207.64622251,2883930.5389999994,5183933.734912741,7.540871352,8.169037518,82.73682776788843
2009-11-30,18170,1711.4,83.454034,738401.857,783,803718.723,238106.761,1899891.80817965,2938635.10534,5330164.625361,9.307916881,13.83253095,81.6254041949723
2009-12-31,15610,1883.6,84.002147,965475.073,1090,978938.805,406096.468,1811824.94848965,3031533.9619999994,5476872.76122456,8.770872784,14.40275981,88.87969800904574
2010-01-31,19178,2274.2,84.518436,820085.839,638,769918.376,333889.909,1900533.68344265,3019373.9210000006,5404981.267689358,11.31719045,18.17946506,95.84611867589913
2010-02-28,18173,1777.6,84.899116,766972.095,508,912527.642,281907.962,1921134.6653500004,3044786.4459,5431896.265916484,10.22361511,18.17094017,95.748960430993165
2010-03-31,19108,2309.9,84.350006,932119.187,478,766298.032,417302.807,1920009.7893349999,3054108.5849999986,5446870.078472118,11.19081779,19.4264806,89.7296704748611
2010-04-30,19481,1992.1,83.938573,907138.363,474,920506.527,310402.704,2042848.9281365802,3051097.5319999987,5551987.900715449,12.09893048,19.74058577,81.9231662855831
2010-05-31,20274,2083.8,84.331786,855932.205,640,1076034.007,273945.949,2052111.8286770803,3010399.431000001,5600818.442691062,12.32441472,19.54241348,82.71584246295572
2010-06-30,24317,2090.2,85.284375,970436.543,625,1181647.858,394981.873,2011459.17233223,3019822.341,5777233.860843167,11.7622679,18.28492167,81.27235893339312
2010-07-31,16684,1749.8,85.503082,893851.729,577,1025121.331,412776.535,2043564.1632091098,2978464.598000001,5659220.3009254085,12.37955251,18.17817336,81.88493538087123
2010-08-31,14954,1489.2,85.606997,973364.421,352,1181538.816,341829.281,2101353.15601792,2957653.7919999994,5651095.8884186875,12.79274944,17.52875812,77.42721161070985
2010-09-30,16838,1378.5,85.761778,936946.35,580,810279.641,314136.048,2131988.8308573496,2972158.44,5812762.582809462,14.89310593,18.55934177,75.17965359410863
2010-10-31,20031,1974.4,85.941634,1002675.845,811,665368.918,280924.882,2206020.04048202,3022916.320999999,5889270.0306284,15.32951289,19.5108821,83.48730459508833
2010-11-30,16705,1731.3,85.543962,1064473.373,1059,986472.339,275056.178,2317396.03060429,3072356.707000001,6038876.8084799,14.95679497,20.33834303,79.41929361789781
2010-12-31,17257,1785,85.707167,1103903.965,716,1015632.071,345871.954,2319952.7456051996,3183193.7970000003,6295663.435537972,15.45461739,22.48774972,91.65314498931
2011-01-31,20614,1907.4,85.677806,1023568.559,453,839810.541,363072.588,2368643.64712408,3174630.5100000002,6220720.372632859,13.90774452,20.88778565,97.33544229336562
2011-02-28,20702,1778,85.314098,1070504.308,482,1377229.399,260939.168,2369440.71041508,3228578.7760000015,6254918.760568244,12.84868977,22.11051642,94.49088179989097
2011-03-31,21035,2223.1,85.338025,1325674.79,454,1357369.224,315611.285,2329446.91075008,3249654.157,6320051.198156153,13.02466793,24.26790167,100.5823139377139
2011-04-30,19621,2047.4,84.627809,1226066.585,542,1051427.029,303369.868,2479743.883597051,3170958.413771529,6346046.994572569,12.54472272,24.87245789,87.66688695217682
2011-05-31,19969,1879.3,85.212223,1225346.3,503,1339038.621,284858.383,2595707.50995108,3122572.487999999,6430181.9970216565,12.64701504,22.27596214,85.38962238585393
2011-06-30,14643,2031.2,85.78588,1382181.019,560,1436884.584,292680.004,2601622.397024079,3141150.6929999995,6695193.851384279,13.31306089,22.77022832,84.27438665645609
2011-07-31,18730,2024.4,86.020402,1206568.696,614,1225234.611,274158.779,2666790.14097148,3062210.0554804737,6575479.781441285,12.42551955,20.27412132,83.0326614365495
2011-08-31,13191,1639.1,86.621073,1153984.844,633,1769058.62,289076.455,2794152.29718108,3069161.022000001,6676864.668027489,11.55514471,18.6763433,81.95481644161785
2011-09-30,16468,1497.3,87.474433,1162244.149,648,1461502.872,323779.51,2785991.09297508,3052418.728,6674205.106285805,10.46065928,16.98310855,77.83046068263076
2011-10-31,19372,2082.4,86.965485,1065559.209,722,997342.372,253433.851,2868515.9195050797,3104527.3394120005,6703949.067429892,10.96618357,15.40540541,81.79132888880359
2011-11-30,15695,1638.6,86.931595,1061126.396,614,1080878.5,314753.306,3308427.198238081,3147791.067,6787387.546184655,10.18860189,11.95556671,77.97037407064296
2011-12-31,12241,2016.7,89.340197,1055555.662,818,837100.897,304609.991,3357657.4558910797,3334655.079000001,7074569.894595455,9.746401645,8.32717873,92.25474689330274
2012-01-31,15722,1938.9,90.135693,1034673.982,639,1170414.922,322286.264,3410693.24112208,3362947.652000001,6984506.257030598,10.09683754,8.702741877,98.86799938868117
2012-02-28,NA,NA,NA,NA,NA,NA,NA,NA,NA,NA,NA,NA,101.09278891640689
2012-02-29,24172,1934,90.618593,1057558.409,172,1743998.99,267599.387,3505025.0782760805,3392206.6130000004,7077734.9604738485,11.0452843,7.202511402,NA
2012-03-31,23286,2553.6,90.713522,1113578.552,309,981775.736,321181.367,3534390.48649,3341659.009126401,7240583.896632949,10.79175341,4.466487013,99.40049169429338
2012-04-30,21337,2236.3,90.634496,1069535.881,368,1306757.03,307217.746,3612918.0464970004,3372996.315,7239952.717143696,11.26564673,3.805686143,87.23228824515537
2012-05-31,23713,2096.4,91.260495,1162920.494,403,1233315.578,361420.415,3649240.2377969995,3351679.608437999,7326489.01261934,12.29101963,7.057693394,86.89702163483858
2012-06-30,27917,2289.4,94.115084,1077220.505,1125,1191564.339,398478.927,3799916.9438269003,3376392.2795790005,7641794.790128591,11.26456342,6.39959546,83.92453619429331
2012-07-31,13462,2060.9,94.377875,1098259.193,490,1300264.783,332768.938,3823974.17777,3323715.254508001,7490778.114590211,9.597983454,7.215389823,83.35934759473905
2012-08-31,13393,1583.3,94.465991,1128228.948,375,1106107.031,277356.453,3864517.3022590503,3352113.3905459996,7652298.074534499,9.057878633,7.714317774,81.47417674828421
2012-09-30,12436,1793.3,94.587724,1024165.177,472,1151235.058,318197.925,3952412.8755579996,3291443.8218534994,7695773.155384563,8.794952681,7.824042982,80.09298498334692
2012-10-31,15307,2086.3,95.348718,1142050.988,418,1579544.789,299502.318,4210799.304260269,3357591.2541360008,7894473.530321896,7.655948753,7.549905208,84.35233227531948
2012-11-30,15218,1960.3,95.992598,1064033.605,576,1368640.32,311637.487,4235133.2570710005,3445279.1168250022,7999644.031150816,6.927131783,7.719042547,83.81527171459642
2012-12-31,16152,2242.4,97.187015,971900.281,1079,1051841.008,379047.459,4318041.883239562,3480932.2571340003,8254209.784674693,7.931551336,9.641497642,94.29737951015001
2013-01-31,14665,2134.7,97.471975,1111108.408,570,1224491.091,311702.886,4426795.9404993,3480837.1104186997,8188838.749076949,8.069873293,8.556030891,104.44691644631145
2013-02-28,15277,1956.4,97.968676,1007044.04,442,1144395.351,271097.895,4559545.27261627,3493602.951872819,8218892.756229168,7.383332311,8.326426874,105.20555453738368
2013-03-31,17474,2557.9,98.0605,1134488.472,469.8,1326864.039,307710.545,4636345.288147349,3527943.3100086376,8328236.1600620495,6.570493393,7.886937431,106.93377202055935
2013-04-30,16878,2368.2,98.311858,1079110.898,366,1037178.199,353212.512,4736710.726871321,3507058.04643339,8295527.1862606015,5.797619048,6.798576666,93.81650335564633
2013-05-31,17899,2102.4,98.373877,1145048.446,564.9,1366256.767,335931.243,4971646.15806521,3425429.836683651,8576236.069480676,5.131524745,4.101129526,90.5561719858719
2013-06-30,20231,2215.3,98.579647,1057857.181,717,1068639.893,348140.048,5239563.57362169,3368838.512970831,8856363.891440528,5.853285487,5.196176797,89.8389649021468
2013-07-31,12042,1851.8,100.475364,1199645.614,547.5,1280323.798,439545.411,5367078.95313229,3291247.4124655505,8714577.855782153,8.262074659,6.545645883,88.14255331806547
2013-08-31,13220,1577.5,102.933057,1155426.582,599.7,1404508.271,342209.182,5448705.394437141,3311499.9170373096,8837372.670346603,8.545210123,8.260846919,86.38117075199882
2013-09-30,13157,2126.5,105.248845,1136633.058,673.1,1532359.588,400003.665,5439568.22323134,3380661.54919129,8877804.256333273,7.388077012,8.652548531,90.3317532560222
2013-10-31,13428,1973.7,106.196588,1224933.55,766.4,1320174.446,400646.017,5541595.86875253,3429133.21198108,8940396.981826236,9.081455806,9.75736209,89.45123729116509
2013-11-30,14117,2125,107.505379,1049901.399,957,1253380.406,323877.275,5659310.259025559,3572996.2782920296,9089408.504562004,10.89780768,10.43921732,87.25517787358743
2013-12-31,14968,2320.3,106.970956,1173129.095,847,1341258.568,456246.567,5711283.3077699095,3741344.5744808,9384151.605604751,9.177178567,8.87656752,106.19437790691171
2014-01-31,14689,2173.4,105.385735,1161131.961,646,1271461.149,442950.431,5754808.99374053,3710097.4977822006,9278061.21509391,7.911212294,8.106863197,109.54289151172922
2014-02-28,14701,2148.1,105.060519,1038200.242,473,1189909.908,361335.579,5717181.33506391,3700295.3257655688,9295550.739757277,7.93215693,7.589513414,108.56416437905828
2014-03-31,15565,2463.7,99.977739,1147726.938,457,1156087.705,389597.918,5654614.96671647,3741879.0790358703,9382800.879337624,8.531452622,7.676654627,107.09467441015975
2014-04-30,16982,2538.4,97.492761,1181916.424,295.6,1076563.648,380064.343,5481519.258385489,3720157.8645781293,9307461.020544266,9.181951165,6.961482155,98.47925800502487
2014-05-31,15759,2309.7,98.594713,1147650.156,516.5,1374529.18,423622.284,5333446.729762429,3731137.6378883496,9546858.585832313,8.340330255,7.3416823,94.09435037768206
2014-06-30,14148,2537.3,98.467899,1174096.884,572.5,1245808.404,419059.81,5542534.291821171,3779236.392156121,9966583.033215672,8.224963877,7.725515787,91.98478778540286
2014-07-31,9927,1726.7,98.654342,1074053.448,631.4,1698662.622,431805.18,5723315.819,3705530.372,9805642.31,7.882122236,6.553410045,87.96872035509652
2014-08-31,15513,1948.6,100.089726,1216386.716,752.3,1474167.263,436098.332,5668516.783,3739337.565,9818404.457,6.994776803,3.310079384,90.30205335872064
2014-09-30,16778,2421.3,102.342495,1216277.969,507.8,1518964.885,452675.973,5641367.726,3807452.109,9820625.378,7.679015012,2.737304734,93.4543960628749
2014-10-31,17129,2094.9,102.753697,1173426.458,732,1346150.185,407504.107,5721698.748,3903446.65,10039696.17,5.820358013,1.270666037,91.59676124445255
2014-11-30,16974,2369.6,101.787426,971422.622,876.2,1000988.857,390230.079,5687881.242,3908464.985,10045973.29,3.964227812,0.018848365,92.14944688165258
2014-12-31,13846,2503.9,100.823395,1225106.684,876.5,956170.003,494645.315,5764033.263,3971149.079,10239249.68,4.298282807,-0.885250583,107.10666241436566
2015-01-31,21691,2419.8,100.683449,1132096.425,700.9,771336.939,474762.211,5994248.934,3974936.452,10326844.92,3.876582278,-2.423898121,111.20507113006799
2015-02-28,21755,2297.6,101.365126,1063860.093,519.2,668668.482,441640.221,5974692.706,3964334.273,10350646.76,3.243386243,-3.356404665,110.43149792688929
2015-03-31,26331,2559.4,101.759752,1215256.699,477,801283.195,464202.917,6062467.983,3969571.9,10459752.07,2.489256891,-3.670981763,113.30502124823342
2015-04-30,24804,2654.3,101.700434,1111911.295,434.4,731663.786,438058.344,6061667.357,3983983.392,10494598.75,2.112748634,-2.940343591,104.45190911490756
2015-05-31,24283,2496.2,101.804258,1078209.28,531.3,927142.309,485558.527,6215349.121,3961077.328,10848372.49,3.156807027,-1.790184687,99.28457417056828
2015-06-30,22865,2713.8,101.77253,1188448.166,670.9,1078996.083,527166.319,6470949.844,3957765.936,11143013.4,3.158056896,-1.97110904,95.59426319739343
2015-07-31,17869,1796.2,101.719449,1137065.016,530,1067987.21,454951.2444,6571140.811,3929932.022,11182965.6,1.949002777,-2.86429366,90.25834953215241
2015-08-31,22966,2504,102.336099,1034902.355,463,944329.024,411372.188,6521002.663,3925554.4,11062024.83,1.786612984,-2.938574023,96.64824706099225
2015-09-30,21953,2486.1,104.206806,1146490.711,353,892327.645,450888.0938,6782894.892,3946927.468,11335030.42,1.323971916,-3.468799405,95.42343170031832
2015-10-31,22561,2595.4,104.480661,1102498.437,733,849461.697,463837.454,6539724.593,3976006.838,11286958.58,1.611530954,-2.658706096,96.89242737802432
2015-11-30,21754,2843.5,105.372587,992065.097,1160,585597.617,528671.645,6615076.795,4031554.368,11339485.91,2.731525731,-1.667765947,96.28622961098729
2015-12-31,19637,2984.4,104.657841,1132048.094,971,746185.219,1050662.013,6619273.328,4175895.07,11539757.3,3.186137507,-0.422569028,109.242189332184
2016-01-31,24670,2700.6,104.838848,1021989.912,423,619968.004,605242.6652,6791542.217,4253130.553,11598825.43,3.320639756,0.077628451,119.33265113992006
2016-02-29,19476,2981.9,104.623177,1004493.528,386,534071.146,543524.6459,6855713.678,4262324.587,11641656.26,4.022959053,0.583733935,113.11037946833567
2016-03-31,22632,3049,104.647001,1108869.668,200,584053.694,620159.4465,6953808.173,4292234.267,11844225.71,3.942322442,0.161851979,121.97153424500625
2016-04-30,22243,3031.1,104.673794,1033906.374,318,549283.888,544163.9863,6906972.955,4339584.538,11966026.31,4.173395236,0.593240943,101.40126155938808
2016-05-31,21812,3064.7,104.678739,1030407.481,357,690565.884,606348.717,6992846.766,4263284.145,12148415.97,3.170389662,0.043285879,98.46455194517974
2016-06-30,20180,2963.6,104.586375,1115598.206,633,836593.352,573237.8251,7278277.091,4283726.49,12504776.48,3.190800936,0.242430004,95.3835039215505
2016-07-31,16687,1867.1,104.73875,977609.238,977,717978.179,416190.115,7380092.118,4284174.772,12631996.79,3.17,3.3,91.70136303
2016-08-31,20759,3027.8,104.622119,1079935.07,708,974899.489,608171.996,7388398.4,4227973.309,12527897.47,2.8,3.36,96.98941318
2016-09-30,20050,2536.2,104.539576,1026669.329,406.9,793479.684,425534.838,7514508.449,4325420.446,12854480.29,3.23,2.95,93.72849123
2016-10-31,21304,3008.1,104.598489,1004991.773,861.2,777997.326,503297.857,7482133.675,4404636.646,12867812.96,4.19,2.86,98.16784053
2016-11-30,23657,3270,104.693531,1048097.323,1395,1043108.998,549765.389,7561498.53,4476469.387,12970929.86,4.69,3.42,100.147196
2016-12-31,19889,3185.6,104.72481,1012413.742,1060,990299.59,666135.958,7731053.734,4802322.683,13532094.88,4.08,3.63,108.3878542
2017-01-31,27102,2721.6,104.730126,1058339.653,467,1048004.402,748244.189,7697339.278,4741750.658,13149333.37,4.53,4.49,110.651532
2017-02-28,26067,3181.5,104.720417,1040518.826,355,889079.583,534971.722,7850550.512,4753682.348,13226899.18,5.04,5.34,113.3549977
2017-03-31,27887,3753,104.741682,1169530.375,361,1069693.772,677855.588,7898857.786,4888102.257,13580915.29,6.14,5.78,123.4445426
2017-04-30,25421,3319.9,104.7474,954283.443,346,981987.134,601972.907,7946345.865,4966764.376,13631697.88,6.91,6.24,107.1117796
2017-05-31,27287,3398.8,104.738087,1096143.182,590,947871.503,682493.729,8059520.202,4957081.167,13863983.29,6.36,6.08,104.5605682
2017-06-30,20630,2382,104.770211,1082005.655,1172,1232453.945,742182.717,8282073.506,5197472.834,14580882.04,6.54,5.99,101.7622345
2017-07-31,24988,2906.5,105.424984,1034730.905,622,1138140.476,714312.783,8380183.308,5112506.817,14268939.54,3.86,1.89,105.8831883
2017-08-31,28094,3356.3,105.307931,1176400.317,1032,1118877.58,751571.984,8528000.596,5109085.342,14325625.81,4.39,2.02,108.357507
2017-09-30,25544,2798.2,105.32069,1086645.068,563,926125.361,689511.535,8651887.038,5168808.535,14488598.37,4.66,2.71,103.1322175
2017-10-31,30118,3778.6,105.33906,1172041.655,762,1214376.684,712923.229,8646688.479,5195597.075,14417423.94,4.83,3.7,107.8387471
2017-11-30,27342,3593.3,105.362649,1118151.115,1104,1277882.588,734754.372,8659586.086,5295912.865,14503835.06,5.03,4.23,101.7103592
2017-12-31,24925,3402.8,108.697368,1047707.261,867,1208656.233,684008.784,8669845.272,5502284.269,14960243.9,5.61,4.53,113.8088498
2018-01-31,30363,3736.9,110.403041,1209921.352,631,1246474.923,681905.286,8554817.417,5429886.244,14668519.51,5.24,6.36,124.5784875
2018-02-28,29887,3479.8,110.434192,1080794.439,492,1279564.646,570209.571,8608050.856,5509968.94,14723518.05,4.46,5.94,118.3342332
2018-03-31,31039,4260.4,112.068851,1155922.473,492,1334847.484,733363.971,9127668.292,5667821.14,15334336.91,3.59,5.42,126.7263791
2018-04-30,34529,3772.2,115.421634,1094098.555,444,1369825.003,693858.718,9132082.947,5695941.654,15182683.81,3.96,6.31,118.0876108
2018-05-31,29472,3480.2,115.44688,1172657.12,556,1310223.499,747172.506,9182934.995,5750376.703,15403060.12,4.98,8.62,109.044513
2018-06-30,23312,2581.2,118.905517,1111971.928,798,1192113.322,706591.897,9569414.223,5966637.968,16046156.69,5.67,11.38,100.5631733
2018-07-31,25966,3035,124.353414,1197208.031,799,1970237.712,606023.939,9075760.875,5924186.697,15626276.77,6.66,16.3,107.0524089
2018-08-31,22499,2895.3,123.789583,1181850.563,510,1577512.613,489906.798,9305089.997,6003591.669,15927797.8,6.17,16.72,105.7955192
2018-09-30,25827,3091.3,124.081628,1121064.054,681,1080574.907,501295.96,9500436.594,6096152.958,16016725.21,5.42,14.64,106.3742805
2018-10-31,31940,3920.6,130.383058,1252540.466,986,1604810.573,532725.585,9446540.554,6175807.687,15791099.6,6.5,18.64,117.5795774
2018-11-30,21895,3336.8,133.504122,1109057.747,762,1371929.103,502571.186,9766178.597,6327166.557,16212957.29,5.66,18.62,108.7206791
2018-12-31,20569,3274.5,138.471259,1085221.509,900,1354604.193,557084.528,10017869.64,6476596.341,16441661.88,5.37,16.46,108.1474972
2019-01-31,26626,3066.8,138.695078,1197150.463,639,1159181.801,584510.391,10210179.02,6503255.435,16282557.53,5.55,12.58,130.537712
2019-02-28,24506,2844,138.530726,1057444.513,437,882470.808,490659.532,10198000.01,6573580.085,16233955.94,6.75,13.93,120.340854
2019-03-31,29099,3858.1,139.166346,1091529.04,473,1114566.638,505177.925,10266236.19,6581864.719,16809327.08,8.64,16.56,126.7123317
2019-04-30,25339,4037.1,141.164561,1139181.359,378,1191768.101,565806.821,10383834.7,6553989.301,16537744.04,8.27,17.41,122.2302826
2019-05-31,21941,3640.7,145.69225,1209860.492,806,1124881.161,614847.222,10895071.36,6601372.03,17102510.87,8.42,16.49,121.9616211
2019-06-30,21607,3207.2,155.249095,1016767.787,801,1147536.27,548960.45,11672735.4,6653949.92,17805716.03,8.04,13.98,108.3410464
2019-07-31,16208,2966.8,158.829694,1230159.99,667,1124703.501,569766.868,11522635.75,6551565.154,17455205.41,8.38,13.28,109.0565733
2019-08-31,13048,2655.2,158.077024,1092650.413,730,1084505.279,450934.765,11657971.36,6576600.049,17668040.06,10.49,14.06,105.5345281
2019-09-30,15844,3472.5,156.176407,1113359.488,615,1023492.08,516525.741,11929225.79,6606729.158,17812259.32,11.38,15.9,103.0560226
2019-10-31,14092,4195.7,155.949085,1227157.091,392,975457.521,507419.821,11872485.12,6627309.779,17771840.78,11.04,13.27,109.9960739
2019-11-30,12048,3538.3,155.367457,1062693.269,785,1008976.181,474058.266,11927022.37,6753603.587,18051589.19,12.67,11.19,104.6620433
2019-12-31,13568,3536.5,154.920011,1143907.22,1538,851543.278,627425.348,11957961.73,6784573.744,18451435.53,12.63,12.37,113.5902423
2020-01-31,14621,3264.9,154.656144,1195601.304,306,895822.407,624836.108,11629024.66,6841342.937,18425506.44,14.56,15.36,121.755431
2020-02-29,15726,3735.6,154.263358,1100579.429,548,1095284.95,454768.675,11786750.92,6916519.684,18679018.06,12.4,12.61,121.3830344
2020-03-31,10436,3213,158.44718,1103396.875,382,757951.173,434623.573,12658596.49,6992333.918,19145547.05,10.24,9.19,99.30293421
2020-04-30,2127,3271,164.437274,830057.896,393,839431.318,327083.365,12620378.89,6971182.249,19279799.01,8.52,4.92,66.44725088
2020-05-31,6454,2270,160.076694,765500.079,301,512295.87,339298.088,13351103.85,6955373.167,20071827.03,8.23,1.5,81.28568538
2020-06-30,14334,3834.8,165.103864,1001975.027,1341,474132.96,644094.868,13979263.14,6853014.024,20599272.97,8.59,0.93,95.3643872
2020-07-31,15527,3953,166.762519,996720.235,826,659708,717565,13547911.54,6751584.144,20744117.21,9.3,3.23,107.326752
2020-08-31,14870,2796.3,167.706397,932529.96,868,824272,584232,13618472.59,6701921.455,20740043.89,8.21,3.26,95.81295647
2020-09-30,18639,4095,165.854091,1158841.056,622,867302,590087,13930968.71,6710215.613,20903465.34,9.03,4.26,106.909355
2020-10-31,19000,4860,162.799992,1171066.821,642,793184,492494,13994588.4,6812520.483,21016782.9,8.91,5.13,111.4803514
2020-11-30,18082,3742,159.21225,1141802.812,889,781268,542367,13798497.07,6839458.173,21104672.82,8.35,5,112.1291906
2020-12-31,17644,4150,160.079514,1255996.872,1086,1024014,799911,14166683.49,6980639.209,21665085.38,7.98,5.67,123.2406649
2021-01-31,23125,4042.1,160.153552,1206363.743,731,717914,697701,14004833.8,7146085.011,21610217.56,5.7,6.4,126.44852
2021-02-28,21241,3961.8,159.131343,1196252.816,494,982915,588880,14186102.01,7266467.223,21868091.6,8.7,9.5,127.1687009
2021-03-31,26919,4562.7,156.029765,1424724.343,487,1089989,727289,14525074.53,7313416.956,22224272.78,9.1,14.6,121.7185765
2021-04-30,22067,4066,153.076852,1285314.527,355,1099763,737413,14390942,7317244,22540748,11.1,16.6,115.3870824
2021-05-31,20302,3200.6,153.29278,1257891.703,674,1092323,693728,14264682.14,7352469.324,22616858.81,10.86176628,19.38633194,108.1708465
2021-06-30,19173,4668.5,156.163793,1466529.207,758,1440622,954574,15183544.6,7457676.262,23513503.08,9.655669291,20.85419735,118.251371
2021-07-31,29852,3446.3,159.601571,1362768.003,815,1254796.848,744104.7,15183999.89,7484838.758,23880548.41,8.405968385,17.26980578,112.2248119
2021-08-31,25656,3815,164.099741,1358184.126,836,1565293.514,802331.042,15141464.06,7498521.527,23754194.67,8.353519783,17.1495585,114.3038529
2021-09-30,27125,4016.9,168.05674,1518110.12,708,1752962.474,702590.21,15401160.06,7691662.162,24008317.46,8.979178716,19.60677226,115.0053066
2021-10-31,26869,4603.9,171.694793,1442319.81,856,1757151.241,690315.134,15464170.16,7900001.205,24053732.71,9.2,21.2,117.4213235
2021-11-30,23863,4124.7,173.025502,1555854.927,794,1852055.991,774083.25,15412175.02,8099082.547,24018069.2,11.5,27,118.8143126
2021-12-31,32152,4057.3,177.176357,1681664.414,716,1682031.806,905965.837,15620220.22,8672154.037,25345029.41,12.28169814,26.23673142,129.86301219999999
2022-01-31,26354,3408.6,176.310845,1451137.352,711,1310511.093,856707.211,15537350.23,8435852.019,24472765.86,12.96243597,23.95623005,137.7316227
2022-02-28,26717,3942.9,175.482276,1487092.509,582,1500251.236,733298.472,15310139.87,8503684.357,24412423.91,12.24404221,23.61376673,142.6646578
2022-03-31,33418,4710.4,179.617273,1720093.622,589,1803471.425,832742.013,16554329.35,8923429.685,25420176.52,12.7,23.8,153.7192239
2022-04-30,27863,3379.8,184.481334,1596826.605,554,1995843.123,829463.817,16952316.62,8942588.169,25746679.19,13.37790337,28.14677767,132.5980598
2022-05-31,28285,3150,195.500402,1548010.975,512,1576867.596,772520.252,17266944.44,9051210.985,25971918.12,13.8,29.6,131.009728
2022-06-30,36558,4972,204.367422,1817367.327,883,3176004.575,754929.819,18550413.71,9241217.241,27602980.65,21.3,38.9,131.9098511
2022-07-31,14453,1886.8,219.437089,1448781.903,530,2513337.126,494165.523,18749670.5,9108797.755,27197134.41,24.9,38.5,109.9657917
2022-08-31,15095,2909.1,220.886305,1714132.621,578,2415620.182,572657.602,18719806.06,9113714.272,27061345,27.3,41.2,114.1083199
2022-09-30,13815,3806,230.4658621,1614310.772,659,1624388.369,440135.776,19058059.2,9327379.336,27934240.11,23.2,38.87,111.6658847
2022-10-31,15787,3890.4,220.57243,1499067.974,648,1650530.955,413617.262,18934709.6,9241541.603,27529008.81,26.6,32.6,108.2987727
2022-11-30,20113,3861.7,222.3104544,1430351.949,NA,1354717.145,377039.803,18939443.72,9269315.961,27607982.76,23.8,27.7,111.3863583
2022-12-31,18313,3675.6,224.762406,1363762.906,NA,1337645.365,302761.906,18963649.01,9637569.672,27941562.64,24.5,27.11,124.8476606
2023-01-31,14742,3588.3,234.1359524,1306323.774,NA,1324237.94,248416.477,20107301.32,9408259.934,27674071.36,27.6,28.5,126.8211928
2023-02-28,10059,3589.7,266.6764367,1296252.062,NA,1347059.917,266048.1,20326533.55,9266395.108,27918291.7,31.5,36.5,126.9027553
2023-03-31,12643,3356.8,280.2024795,1321141.09,NA,1538797.588,313957.804,20908359.29,9258345.859,28796598.36,35.4,37.5,115.9932321
2023-04-30,7826,2530.6,284.9456592,1184279.706,NA,1337165.062,289478.79,21008708.25,9193232.598,29328548.87,36.4,33.4,104.6530608
2023-05-31,NA,NA,285.4859718,1334653.802,NA,1280857.043,284467.242,21557693.65,8971244.914,29537249.53,38,32.8,NA
2023-06-30,NA,NA,NA,NA,NA,NA,NA,21481749.94,8982291.996,30070111.84,NA,NA,NA
