date,series_name,value
1977-07-31,cpi_yoy,11.594583935848558
1977-08-31,cpi_yoy,11.129855523834253
1977-09-30,cpi_yoy,8.891420854960575
1977-10-31,cpi_yoy,8.755508919202537
1977-11-30,cpi_yoy,6.6628185041642585
1977-12-31,cpi_yoy,6.129719105724352
1978-01-31,cpi_yoy,4.997978164173111
1978-02-28,cpi_yoy,4.727519348918863
1978-03-31,cpi_yoy,4.09347553324968
1978-04-30,cpi_yoy,3.38891253046536
1978-05-31,cpi_yoy,6.186653693343058
1978-06-30,cpi_yoy,7.174616006467227
1978-07-31,cpi_yoy,8.48156437742964
1978-08-31,cpi_yoy,8.115682534739776
1978-09-30,cpi_yoy,8.084017981708257
1978-10-31,cpi_yoy,8.567789741808497
1978-11-30,cpi_yoy,8.422883649014313
1978-12-31,cpi_yoy,7.6816235194259175
1979-01-31,cpi_yoy,8.199183547716205
1979-02-28,cpi_yoy,7.561616700316165
1979-03-31,cpi_yoy,7.533524182612661
1979-04-30,cpi_yoy,7.756782039289112
1979-05-31,cpi_yoy,10.319945021380583
1979-06-30,cpi_yoy,9.30039600226291
1979-07-31,cpi_yoy,11.61544865530093
1979-08-31,cpi_yoy,11.776353686635964
1979-09-30,cpi_yoy,11.115095016134768
1979-10-31,cpi_yoy,10.507980519711335
1979-11-30,cpi_yoy,8.48871617526472
1979-12-31,cpi_yoy,8.677893228233625
1980-01-31,cpi_yoy,9.54262324256987
1980-02-29,cpi_yoy,10.036832412523022
1980-03-31,cpi_yoy,10.421045257110805
1980-04-30,cpi_yoy,11.410514619070744
1980-05-31,cpi_yoy,10.00519120955181
1980-06-30,cpi_yoy,11.231496497705384
1980-07-31,cpi_yoy,10.912569723699583
1980-08-31,cpi_yoy,10.554965052984189
1980-09-30,cpi_yoy,11.736043885124236
1980-10-31,cpi_yoy,12.236626242480785
1980-11-30,cpi_yoy,16.266841932303656
1980-12-31,cpi_yoy,15.818277726493445
1981-01-31,cpi_yoy,15.287886664933726
1981-02-28,cpi_yoy,15.558416478918623
1981-03-31,cpi_yoy,14.513212574945289
1981-04-30,cpi_yoy,13.832439845405808
1981-05-31,cpi_yoy,14.47178002894356
1981-06-30,cpi_yoy,15.020474004218887
1981-07-31,cpi_yoy,13.371509767013379
1981-08-31,cpi_yoy,14.960330220505202
1981-09-30,cpi_yoy,14.117015668125532
1981-10-31,cpi_yoy,13.841066750963549
1981-11-30,cpi_yoy,13.146260297696234
1981-12-31,cpi_yoy,12.810083026625962
1982-01-31,cpi_yoy,11.46553980358842
1982-02-28,cpi_yoy,9.957824315596643
1982-03-31,cpi_yoy,9.778739975713524
1982-04-30,cpi_yoy,8.646130018365493
1982-05-31,cpi_yoy,9.268897334220071
1982-06-30,cpi_yoy,7.7763524404918405
1982-07-31,cpi_yoy,4.118979840817971
1982-08-31,cpi_yoy,3.134098304504196
1982-09-30,cpi_yoy,3.2436438262456013
1982-10-31,cpi_yoy,3.198548176714122
1982-11-30,cpi_yoy,2.5322154071240055
1982-12-31,cpi_yoy,3.814016938555098
1983-01-31,cpi_yoy,4.231930284217111
1983-02-28,cpi_yoy,5.158050895811961
1983-03-31,cpi_yoy,4.53615279672579
1983-04-30,cpi_yoy,6.852114674992893
1983-05-31,cpi_yoy,6.691218130311616
1983-06-30,cpi_yoy,6.97294250281848
1983-07-31,cpi_yoy,8.352862403749594
1983-08-31,cpi_yoy,8.679287058563023
1983-09-30,cpi_yoy,8.784716470653198
1983-10-31,cpi_yoy,9.97966697807331
1983-11-30,cpi_yoy,10.70742549805166
1983-12-31,cpi_yoy,10.140166447656584
1984-01-31,cpi_yoy,8.382513661202173
1984-02-29,cpi_yoy,7.650569723277267
1984-03-31,cpi_yoy,8.5426862425231
1984-04-30,cpi_yoy,6.912124110083928
1984-05-31,cpi_yoy,6.404333280229424
1984-06-30,cpi_yoy,6.681772672182107
1984-07-31,cpi_yoy,7.853133529017975
1984-08-31,cpi_yoy,6.952225730875039
1984-09-30,cpi_yoy,7.877372855547615
1984-10-31,cpi_yoy,6.580722530355265
1984-11-30,cpi_yoy,5.348998611937339
1984-12-31,cpi_yoy,4.528733346589786
1985-01-31,cpi_yoy,7.36109710597963
1985-02-28,cpi_yoy,8.39717741935484
1985-03-31,cpi_yoy,8.405845722129722
1985-04-30,cpi_yoy,9.251969197551023
1985-05-31,cpi_yoy,8.190085436816585
1985-06-30,cpi_yoy,7.8038256255979155
1985-07-31,cpi_yoy,5.841789289213062
1985-08-31,cpi_yoy,5.8365048678724385
1985-09-30,cpi_yoy,5.019608168142065
1985-10-31,cpi_yoy,5.096705967694715
1985-11-30,cpi_yoy,5.733076665020276
1985-12-31,cpi_yoy,6.2775093434346285
1986-01-31,cpi_yoy,5.282046144493657
1986-02-28,cpi_yoy,4.646283038527366
1986-03-31,cpi_yoy,3.55123275277085
1986-04-30,cpi_yoy,2.256029684601124
1986-05-31,cpi_yoy,3.853390532099077
1986-06-30,cpi_yoy,3.461164685654494
1986-07-31,cpi_yoy,3.032310296607066
1986-08-31,cpi_yoy,3.2594332697107653
1986-09-30,cpi_yoy,3.355017908047664
1986-10-31,cpi_yoy,3.034934497816577
1986-11-30,cpi_yoy,4.015393552134783
1986-12-31,cpi_yoy,4.584945608527424
1987-01-31,cpi_yoy,3.7260752492540794
1987-02-28,cpi_yoy,3.175293605915619
1987-03-31,cpi_yoy,3.0581039755351647
1987-04-30,cpi_yoy,4.470571159010084
1987-05-31,cpi_yoy,4.123487209218046
1987-06-30,cpi_yoy,5.5924855491329195
1987-07-31,cpi_yoy,5.59325666119006
1987-08-31,cpi_yoy,5.751457415043371
1987-09-30,cpi_yoy,5.777934936350748
1987-10-31,cpi_yoy,6.201878929151672
1987-11-30,cpi_yoy,5.549738219895262
1987-12-31,cpi_yoy,4.760907504362999
1988-01-31,cpi_yoy,5.142776959236639
1988-02-29,cpi_yoy,5.838954468802715
1988-03-31,cpi_yoy,7.595026141020211
1988-04-30,cpi_yoy,7.759638763459553
1988-05-31,cpi_yoy,8.073496659242775
1988-06-30,cpi_yoy,7.36280279184347
1988-07-31,cpi_yoy,10.079826816398342
1988-08-31,cpi_yoy,10.944537815126033
1988-09-30,cpi_yoy,10.155779902386852
1988-10-31,cpi_yoy,10.415696707682054
1988-11-30,cpi_yoy,11.197089947089944
1988-12-31,cpi_yoy,10.788298793896178
1989-01-31,cpi_yoy,11.183771520085406
1989-02-28,cpi_yoy,11.239460930757472
1989-03-31,cpi_yoy,10.335544027841603
1989-04-30,cpi_yoy,10.817431665807131
1989-05-31,cpi_yoy,9.511849562081398
1989-06-30,cpi_yoy,8.132568514977677
1989-07-31,cpi_yoy,5.678466076696198
1989-08-31,cpi_yoy,5.4474943949585075
1989-09-30,cpi_yoy,6.033017722748246
1989-10-31,cpi_yoy,6.083970845129838
1989-11-30,cpi_yoy,5.109141735561762
1989-12-31,cpi_yoy,5.4853843377841605
1990-01-31,cpi_yoy,5.659584683711438
1990-02-28,cpi_yoy,5.681546908570079
1990-03-31,cpi_yoy,6.06439326310777
1990-04-30,cpi_yoy,4.781849912739955
1990-05-31,cpi_yoy,7.327256689209061
1990-06-30,cpi_yoy,9.082871625604149
1990-07-31,cpi_yoy,10.252384275412885
1990-08-31,cpi_yoy,11.61360763130672
1990-09-30,cpi_yoy,10.641099026903266
1990-10-31,cpi_yoy,10.584293907217068
1990-11-30,cpi_yoy,12.77161611588955
1990-12-31,cpi_yoy,13.810012544189787
1991-01-31,cpi_yoy,14.143709173530228
1991-02-28,cpi_yoy,13.321662525412226
1991-03-31,cpi_yoy,13.39355852317361
1991-04-30,cpi_yoy,14.662447257383949
1991-05-31,cpi_yoy,13.900608185852814
1991-06-30,cpi_yoy,12.627654401037457
1991-07-31,cpi_yoy,10.876101060182485
1991-08-31,cpi_yoy,9.854296452659227
1991-09-30,cpi_yoy,11.790573749288624
1991-10-31,cpi_yoy,11.347881899871615
1991-11-30,cpi_yoy,8.640674394099058
1991-12-31,cpi_yoy,7.965931863727449
1992-01-31,cpi_yoy,8.106494152774335
1992-02-29,cpi_yoy,9.747346389594846
1992-03-31,cpi_yoy,9.574941857588204
1992-04-30,cpi_yoy,9.41267612453398
1992-05-31,cpi_yoy,8.971522031941515
1992-06-30,cpi_yoy,9.37919785070045
1992-07-31,cpi_yoy,9.899624185338475
1992-08-31,cpi_yoy,9.935792285700895
1992-09-30,cpi_yoy,9.223435764531661
1992-10-31,cpi_yoy,9.098455153331809
1992-11-30,cpi_yoy,9.89330746847723
1992-12-31,cpi_yoy,10.742459396751736
1993-01-31,cpi_yoy,10.034984349106967
1993-02-28,cpi_yoy,9.122281251418984
1993-03-31,cpi_yoy,8.444725433526013
1993-04-30,cpi_yoy,7.523122538390048
1993-05-31,cpi_yoy,8.20200414956076
1993-06-30,cpi_yoy,9.123207158208668
1993-07-31,cpi_yoy,8.947277292009348
1993-08-31,cpi_yoy,9.020761393187527
1993-09-30,cpi_yoy,9.58433964662515
1993-10-31,cpi_yoy,10.94344407811314
1993-11-30,cpi_yoy,11.053671247845998
1993-12-31,cpi_yoy,10.446260213702075
1994-01-31,cpi_yoy,11.10274431057563
1994-02-28,cpi_yoy,11.867509986684421
1994-03-31,cpi_yoy,12.421920546347987
1994-04-30,cpi_yoy,13.890603778244248
1994-05-31,cpi_yoy,12.643303006813289
1994-06-30,cpi_yoy,11.925720487157854
1994-07-31,cpi_yoy,12.446018354126863
1994-08-31,cpi_yoy,11.723162875647075
1994-09-30,cpi_yoy,12.120479542897279
1994-10-31,cpi_yoy,12.136020349515686
1994-11-30,cpi_yoy,12.952087752845841
1994-12-31,cpi_yoy,14.364729629341566
1995-01-31,cpi_yoy,15.162199389582742
1995-02-28,cpi_yoy,13.699886141230365
1995-03-31,cpi_yoy,14.221963450929366
1995-04-30,cpi_yoy,11.5707904522381
1995-05-31,cpi_yoy,12.483753031289968
1995-06-30,cpi_yoy,12.144866794094922
1995-07-31,cpi_yoy,11.861580154263063
1995-08-31,cpi_yoy,13.043777533039624
1995-09-30,cpi_yoy,12.37707697524586
1995-10-31,cpi_yoy,10.83789923827343
1995-11-30,cpi_yoy,10.6945176594623
1995-12-31,cpi_yoy,10.112212943632581
1996-01-31,cpi_yoy,8.93132716049383
1996-02-29,cpi_yoy,9.760020588046059
1996-03-31,cpi_yoy,10.267857142857162
1996-04-30,cpi_yoy,11.02618001146569
1996-05-31,cpi_yoy,10.783941236068895
1996-06-30,cpi_yoy,10.296618174948025
1996-07-31,cpi_yoy,10.318051931917015
1996-08-31,cpi_yoy,9.54149668148332
1996-09-30,cpi_yoy,9.831019915509987
1996-10-31,cpi_yoy,11.026042922594637
1996-11-30,cpi_yoy,10.958985653907982
1996-12-31,cpi_yoy,11.405379784334624
1997-01-31,cpi_yoy,13.399445133109044
1997-02-28,cpi_yoy,13.833528722157084
1997-03-31,cpi_yoy,11.816078658183926
1997-04-30,cpi_yoy,13.574297188755025
1997-05-31,cpi_yoy,12.92940840240071
1997-06-30,cpi_yoy,12.452894826995543
1997-07-31,cpi_yoy,11.588490342924707
1997-08-31,cpi_yoy,10.872707059477493
1997-09-30,cpi_yoy,10.291774273311717
1997-10-31,cpi_yoy,9.426073736221996
1997-11-30,cpi_yoy,8.921673819742493
1997-12-31,cpi_yoy,8.099771313088322
1998-01-31,cpi_yoy,5.746707615428637
1998-02-28,cpi_yoy,4.984552008238929
1998-03-31,cpi_yoy,7.324264211451914
1998-04-30,cpi_yoy,5.283895736512401
1998-05-31,cpi_yoy,5.648630865009885
1998-06-30,cpi_yoy,6.4788017263264885
1998-07-31,cpi_yoy,6.736640258364046
1998-08-31,cpi_yoy,6.973829339215887
1998-09-30,cpi_yoy,6.421881227580717
1998-10-31,cpi_yoy,6.515159033394524
1998-11-30,cpi_yoy,6.230606314337783
1998-12-31,cpi_yoy,6.361310636623063
1999-01-31,cpi_yoy,6.226925916810244
1999-02-28,cpi_yoy,6.243868942515207
1999-03-31,cpi_yoy,4.7568557520844434
1999-04-30,cpi_yoy,4.567699836867867
1999-05-31,cpi_yoy,4.335744742011216
1999-06-30,cpi_yoy,3.681274140479718
1999-07-31,cpi_yoy,3.4937594553706264
1999-08-31,cpi_yoy,3.0744715751980234
1999-09-30,cpi_yoy,3.3519030007958417
1999-10-31,cpi_yoy,3.79204323115625
1999-11-30,cpi_yoy,3.3892804154302514
1999-12-31,cpi_yoy,3.034367917109937
2000-01-31,cpi_yoy,3.429101019462455
2000-02-29,cpi_yoy,3.0238677808042125
2000-03-31,cpi_yoy,3.570114096429866
2000-04-30,cpi_yoy,3.8772139120859084
2000-05-31,cpi_yoy,3.8433281293048127
2000-06-30,cpi_yoy,5.100492112403998
2000-07-31,cpi_yoy,4.979215202594678
2000-08-31,cpi_yoy,4.433228754603724
2000-09-30,cpi_yoy,5.050505050505039
2000-10-31,cpi_yoy,4.560143626570912
2000-11-30,cpi_yoy,5.408314274182713
2000-12-31,cpi_yoy,5.050505050505039
2001-01-31,cpi_yoy,4.668458781362017
2001-02-28,cpi_yoy,4.602079225667688
2001-03-31,cpi_yoy,4.184434968017059
2001-04-30,cpi_yoy,3.9489376739255233
2001-05-31,cpi_yoy,3.590537254034931
2001-06-30,cpi_yoy,2.5249431122002175
2001-07-31,cpi_yoy,2.8266492330670356
2001-08-31,cpi_yoy,3.510289433258351
2001-09-30,cpi_yoy,2.6404089837738676
2001-10-31,cpi_yoy,2.580021148946332
2001-11-30,cpi_yoy,1.9537686938152499
2001-12-31,cpi_yoy,1.9359813720992713
2002-01-31,cpi_yoy,2.2108813962426144
2002-02-28,cpi_yoy,2.621623287268582
2002-03-31,cpi_yoy,3.469574606571846
2002-04-30,cpi_yoy,3.4766680662596805
2002-05-31,cpi_yoy,3.2525618482302843
2002-06-30,cpi_yoy,3.738210159896038
2002-07-31,cpi_yoy,3.970977546818344
2002-08-31,cpi_yoy,3.6643601988110452
2002-09-30,cpi_yoy,3.727856725715406
2002-10-31,cpi_yoy,3.4904013961605473
2002-11-30,cpi_yoy,3.1132166682780626
2002-12-31,cpi_yoy,3.341427877610492
2003-01-31,cpi_yoy,3.3960799534251684
2003-02-28,cpi_yoy,3.549666312022448
2003-03-31,cpi_yoy,2.2436509451976505
2003-04-30,cpi_yoy,2.2359657469076977
2003-05-31,cpi_yoy,2.624521072796937
2003-06-30,cpi_yoy,1.9256434699713942
2003-07-31,cpi_yoy,1.4051301395699545
2003-08-31,cpi_yoy,1.7580144777662676
2003-09-30,cpi_yoy,2.176972881674022
2003-10-31,cpi_yoy,3.5132096683530234
2003-11-30,cpi_yoy,4.219409282700437
2003-12-31,cpi_yoy,5.414042673183572
2004-01-31,cpi_yoy,5.15202702702704
2004-02-29,cpi_yoy,4.3059966373995895
2004-03-31,cpi_yoy,5.341301708843016
2004-04-30,cpi_yoy,5.9934853420195555
2004-05-31,cpi_yoy,7.03752100056001
2004-06-30,cpi_yoy,8.45491956603066
2004-07-31,cpi_yoy,9.32762949874455
2004-08-31,cpi_yoy,9.247967479674802
2004-09-30,cpi_yoy,8.999908164202397
2004-10-31,cpi_yoy,8.697619694089953
2004-11-30,cpi_yoy,9.25775978407557
2004-12-31,cpi_yoy,7.36513597860009
2005-01-31,cpi_yoy,8.505131637661755
2005-02-28,cpi_yoy,9.948956747559778
2005-03-31,cpi_yoy,10.247318500132984
2005-04-30,cpi_yoy,11.098428308016505
2005-05-31,cpi_yoy,9.844785490059294
2005-06-30,cpi_yoy,8.73577095550191
2005-07-31,cpi_yoy,8.991153453555633
2005-08-31,cpi_yoy,8.397463002114169
2005-09-30,cpi_yoy,8.534838655320588
2005-10-31,cpi_yoy,8.26810990840967
2005-11-30,cpi_yoy,7.888669301712792
2005-12-31,cpi_yoy,8.512582011460834
2006-01-31,cpi_yoy,8.759664418489876
2006-02-28,cpi_yoy,8.046913178042026
2006-03-31,cpi_yoy,6.9148508482753
2006-04-30,cpi_yoy,6.164545957480461
2006-05-31,cpi_yoy,7.120743034055721
2006-06-30,cpi_yoy,7.645332698865892
2006-07-31,cpi_yoy,7.632872863498008
2006-08-31,cpi_yoy,8.932750819160539
2006-09-30,cpi_yoy,8.73311597578017
2006-10-31,cpi_yoy,8.105821733446117
2006-11-30,cpi_yoy,8.067470615173233
2006-12-31,cpi_yoy,8.8780039797949
2007-01-31,cpi_yoy,6.6399455494214665
2007-02-28,cpi_yoy,7.394843962008157
2007-03-31,cpi_yoy,7.670903211250657
2007-04-30,cpi_yoy,6.91580436239112
2007-05-31,cpi_yoy,7.410701052319557
2007-06-30,cpi_yoy,6.999189567523745
2007-07-31,cpi_yoy,6.373721992603887
2007-08-31,cpi_yoy,6.452768029793021
2007-09-30,cpi_yoy,8.374384236453224
2007-10-31,cpi_yoy,9.312086504944151
2007-11-30,cpi_yoy,8.672928879158137
2007-12-31,cpi_yoy,8.793757908055678
2008-01-31,cpi_yoy,11.857315084036602
2008-02-29,cpi_yoy,11.251491542079028
2008-03-31,cpi_yoy,14.116085772158993
2008-04-30,cpi_yoy,17.21208745300098
2008-05-31,cpi_yoy,19.27004277632125
2008-06-30,cpi_yoy,21.531364043241762
2008-07-31,cpi_yoy,25.587620377785036
2008-08-31,cpi_yoy,26.12186604774649
2008-09-30,cpi_yoy,24.479449483081183
2008-10-31,cpi_yoy,24.680178817836527
2008-11-30,cpi_yoy,24.11569417592656
2008-12-31,cpi_yoy,23.097280415240927
2009-01-31,cpi_yoy,21.07831016832449
2009-02-28,cpi_yoy,22.145474501368167
2009-03-31,cpi_yoy,18.92870129132349
2009-04-30,cpi_yoy,16.583778378009395
2009-05-31,cpi_yoy,13.452851621873352
2009-06-30,cpi_yoy,12.085772008636365
1977-07-31,cpi_mom,2.938561034761511
1977-08-31,cpi_mom,0.8795696391408647
1977-09-30,cpi_mom,0.43984274648709576
1977-10-31,cpi_mom,0.4146643931173477
1977-11-30,cpi_mom,-0.15823395469108936
1977-12-31,cpi_mom,0.18940858136837768
1978-01-31,cpi_mom,0.1813341564103954
1978-02-28,cpi_mom,1.0975891550488948
1978-03-31,cpi_mom,1.1313854710296667
1978-04-30,cpi_mom,0.6667168901612008
1978-05-31,cpi_mom,-1.9943872778297123
1978-06-30,cpi_mom,1.2332009773976527
1978-07-31,cpi_mom,4.193852536300247
1978-08-31,cpi_mom,0.539327469504447
1978-09-30,cpi_mom,0.41042626728111653
1978-10-31,cpi_mom,0.8641089996414664
1978-11-30,cpi_mom,-0.29149337030325295
1978-12-31,cpi_mom,-0.49556133908515987
1979-01-31,cpi_mom,0.6628448584736546
1979-02-28,cpi_mom,0.5018686599038924
1979-03-31,cpi_mom,1.1049723756906493
1979-04-30,cpi_mom,0.8757180888328442
1979-05-31,cpi_mom,0.3368289464546148
1979-06-30,cpi_mom,0.2976293476379954
1979-07-31,cpi_mom,6.400745315896583
1979-08-31,cpi_mom,0.6842651446361536
1979-09-30,cpi_mom,-0.18359261764424595
1979-10-31,cpi_mom,0.3130041949016116
1979-11-30,cpi_mom,-2.1134236175893495
1979-12-31,cpi_mom,-0.32205060795266194
1980-01-31,cpi_mom,1.4638006066200582
1980-02-29,cpi_mom,0.9552898362360063
1980-03-31,cpi_mom,1.4579980688767424
1980-04-30,cpi_mom,1.7796529518129711
1980-05-31,cpi_mom,-0.9288118688442815
1980-06-30,cpi_mom,1.4157176115270786
1980-07-31,cpi_mom,6.095669437895523
1980-08-31,cpi_mom,0.3596386070582769
1980-09-30,cpi_mom,0.8827642465912833
1980-10-31,cpi_mom,0.7624108354752357
1980-11-30,cpi_mom,1.401507552090786
1980-12-31,cpi_mom,-0.7066139061616794
1981-01-31,cpi_mom,0.9991460290350362
1981-02-28,cpi_mom,1.1921873678870654
1981-03-31,cpi_mom,0.5403297682709196
1981-04-30,cpi_mom,1.1745803091583795
1981-05-31,cpi_mom,-0.37237829253600196
1981-06-30,cpi_mom,1.9018303743197906
1981-07-31,cpi_mom,4.574653582761323
1981-08-31,cpi_mom,1.7661070121419709
1981-09-30,cpi_mom,0.1427185020265842
1981-10-31,cpi_mom,0.5187549880287357
1981-11-30,cpi_mom,0.7826234900470741
1981-12-31,cpi_mom,-1.001631872151243
1982-01-31,cpi_mom,-0.20462684022052313
1982-02-28,cpi_mom,-0.1765677507547081
1982-03-31,cpi_mom,0.3765833618623704
1982-04-30,cpi_mom,0.13074124602092674
1982-05-31,cpi_mom,0.1986942946352599
1982-06-30,cpi_mom,0.5099150141643083
1982-07-31,cpi_mom,1.0259301014655886
1982-08-31,cpi_mom,0.8034817542685202
1982-09-30,cpi_mom,0.2490866821653892
1982-10-31,cpi_mom,0.4748495389542251
1982-11-30,cpi_mom,0.13188987195693613
1982-12-31,cpi_mom,0.23599143845012271
1983-01-31,cpi_mom,0.1971090670170872
1983-02-28,cpi_mom,0.7103825136612008
1983-03-31,cpi_mom,-0.21703743895822303
1983-04-30,cpi_mom,2.3491027732463143
1983-05-31,cpi_mom,0.0478163850812896
1983-06-30,cpi_mom,0.7753172959481747
1983-07-31,cpi_mom,2.3291352690098632
1983-08-31,cpi_mom,1.1071630876976046
1983-09-30,cpi_mom,0.34633798512786473
1983-10-31,cpi_mom,1.5785199472134748
1983-11-30,cpi_mom,0.7944835856692922
1983-12-31,cpi_mom,-0.27761253222287063
1984-01-31,cpi_mom,-1.4018691588784993
1984-02-29,cpi_mom,0.030251083997190342
1984-03-31,cpi_mom,0.609879032258065
1984-04-30,cpi_mom,0.8115825860427694
1984-05-31,cpi_mom,-0.4273716642647529
1984-06-30,cpi_mom,1.0380795528272424
1984-07-31,cpi_mom,3.452704371449755
1984-08-31,cpi_mom,0.2626050420168058
1984-09-30,cpi_mom,1.214343540168561
1984-10-31,cpi_mom,0.3575797496941924
1984-11-30,cpi_mom,-0.37037037037039866
1984-12-31,cpi_mom,-1.0540680438567485
1985-01-31,cpi_mom,1.2697959766015066
1985-02-28,cpi_mom,0.9955856109702399
1985-03-31,cpi_mom,0.617924600550146
1985-04-30,cpi_mom,1.5984317273618265
1985-05-31,cpi_mom,-1.3951762523191191
1985-06-30,cpi_mom,0.6773538044705374
1985-07-31,cpi_mom,1.5698587127158437
1985-08-31,cpi_mom,0.25759917568264346
1985-09-30,cpi_mom,0.43312288944354904
1985-10-31,cpi_mom,0.4312550252174363
1985-11-30,cpi_mom,0.23289665211063681
1985-12-31,cpi_mom,-0.5445832123148309
1986-01-31,cpi_mom,0.32123822734904106
1986-02-28,cpi_mom,0.38570700822355697
1986-03-31,cpi_mom,-0.43497172683774066
1986-04-30,cpi_mom,0.327653997378774
1986-05-31,cpi_mom,0.14514841425359304
1986-06-30,cpi_mom,0.29712297992607883
1986-07-31,cpi_mom,1.1488439306358345
1986-08-31,cpi_mom,0.47860561468675566
1986-09-30,cpi_mom,0.5260912839471166
1986-10-31,cpi_mom,0.12022630834509496
1986-11-30,cpi_mom,1.1866920957830374
1986-12-31,cpi_mom,0.0
1987-01-31,cpi_mom,-0.5026178010471338
1987-02-28,cpi_mom,-0.1473374026520924
1987-03-31,cpi_mom,-0.5480607082630651
1987-04-30,cpi_mom,1.7026988837077761
1987-05-31,cpi_mom,-0.18756512678012038
1987-06-30,cpi_mom,1.7121380846324863
1987-07-31,cpi_mom,1.1495825920350367
1987-08-31,cpi_mom,0.6291435529698353
1987-09-30,cpi_mom,0.5512605042016672
1987-10-31,cpi_mom,0.5214949521963108
1987-11-30,cpi_mom,0.5653475224476123
1987-12-31,cpi_mom,-0.7473544973544799
1988-01-31,cpi_mom,-0.13993469714135287
1988-02-29,cpi_mom,0.5138128920325835
1988-03-31,cpi_mom,1.1020381066188634
1988-04-30,cpi_mom,1.858296670825399
1988-05-31,cpi_mom,0.1031459515214106
1988-06-30,cpi_mom,1.0432766615146916
1988-07-31,cpi_mom,3.7093690248565903
1988-08-31,cpi_mom,1.4196165191740384
1988-09-30,cpi_mom,-0.1636066169787176
1988-10-31,cpi_mom,0.7586792910900586
1988-11-30,cpi_mom,1.277031504126258
1988-12-31,cpi_mom,-1.1122345803842193
1989-01-31,cpi_mom,0.21652832912304465
1989-02-28,cpi_mom,0.5641579642299943
1989-03-31,cpi_mom,0.2804965385533542
1989-04-30,cpi_mom,2.303160149973249
1989-05-31,cpi_mom,-1.0762070971495064
1989-06-30,cpi_mom,-0.22934431049693726
1989-07-31,cpi_mom,1.355652481433478
1989-08-31,cpi_mom,1.1979530123284343
1989-09-30,cpi_mom,0.3907596827950721
1989-10-31,cpi_mom,0.8070978820835961
1989-11-30,cpi_mom,0.3463744250752132
1989-12-31,cpi_mom,-0.7582616568583167
1990-01-31,cpi_mom,0.3820275972174825
1990-02-28,cpi_mom,0.5850610621982444
1990-03-31,cpi_mom,0.6437768240343145
1990-04-30,cpi_mom,1.06609808102347
1990-05-31,cpi_mom,1.3268931823228858
1990-06-30,cpi_mom,1.4026628677880515
1990-07-31,cpi_mom,2.4423191224942187
1990-08-31,cpi_mom,2.4473864655308653
1990-09-30,cpi_mom,-0.4839623127220305
1990-10-31,cpi_mom,0.7553417145222285
1990-11-30,cpi_mom,2.331193838254153
1990-12-31,cpi_mom,0.15555221034675437
1991-01-31,cpi_mom,0.6763527054107987
1991-02-28,cpi_mom,-0.13933814381685838
1991-03-31,cpi_mom,0.7076294413714157
1991-04-30,cpi_mom,2.197040922361304
1991-05-31,cpi_mom,0.6536580642037659
1991-06-30,cpi_mom,0.26938618433711703
1991-07-31,cpi_mom,0.8491652274035699
1991-08-31,cpi_mom,1.5032586461158015
1991-09-30,cpi_mom,1.2700942025589246
1991-10-31,cpi_mom,0.3563495001851047
1991-11-30,cpi_mom,-0.15679040811621414
1991-12-31,cpi_mom,-0.46649115514293404
1992-01-31,cpi_mom,0.8074245939675206
1992-02-29,cpi_mom,1.3763579451297803
1992-03-31,cpi_mom,0.5494256005085685
1992-04-30,cpi_mom,2.045700867052025
1992-05-31,cpi_mom,0.24782050714697856
1992-06-30,cpi_mom,0.6445062464132789
1992-07-31,cpi_mom,1.3290056581429122
1992-08-31,cpi_mom,1.5366634923383193
1992-09-30,cpi_mom,0.6138892441488686
1992-10-31,cpi_mom,0.24151519003432487
1992-11-30,cpi_mom,0.5706314988587424
1992-12-31,cpi_mom,0.30261001134785914
1993-01-31,cpi_mom,0.16341923318667906
1993-02-28,cpi_mom,0.5354752342704217
1993-03-31,cpi_mom,-0.07490013315579747
1993-04-30,cpi_mom,1.1784792204547312
1993-05-31,cpi_mom,0.8807671729020194
1993-06-30,cpi_mom,1.5013667333033887
1993-07-31,cpi_mom,1.1656417058563573
1993-08-31,cpi_mom,1.6051491914656824
1993-09-30,cpi_mom,1.1340085246158038
1993-10-31,cpi_mom,1.4847465491242495
1993-11-30,cpi_mom,0.670552825084747
1993-12-31,cpi_mom,-0.24599780494265477
1994-01-31,cpi_mom,0.7587829122088108
1994-02-28,cpi_mom,1.2275020709390905
1994-03-31,cpi_mom,0.42032435649459465
1994-04-30,cpi_mom,2.5002778086454125
1994-05-31,cpi_mom,-0.22405319456488826
1994-06-30,cpi_mom,0.8547627671133373
1994-07-31,cpi_mom,1.6359202741872858
1994-08-31,cpi_mom,0.9519838788131452
1994-09-30,cpi_mom,1.4936674008810602
1994-10-31,cpi_mom,1.4988131570023766
1994-11-30,cpi_mom,1.403180542563165
1994-12-31,cpi_mom,1.0015814443858684
1995-01-31,cpi_mom,1.4613778705636626
1995-02-28,cpi_mom,-0.05787037037036091
1995-03-31,cpi_mom,0.8814257221900546
1995-04-30,cpi_mom,0.12117346938775864
1995-05-31,cpi_mom,0.5923944200267428
1995-06-30,cpi_mom,0.5509118541033642
1995-07-31,cpi_mom,1.3791800491214534
1995-08-31,cpi_mom,2.01888433345756
1995-09-30,cpi_mom,0.895086159654146
1995-10-31,cpi_mom,0.1086300543150287
1995-11-30,cpi_mom,1.2720038582107573
1995-12-31,cpi_mom,0.4702660872671238
1996-01-31,cpi_mom,0.3732669747600337
1996-02-29,cpi_mom,0.7024378726167235
1996-03-31,cpi_mom,1.348182883939053
1996-04-30,cpi_mom,0.809716599190291
1996-05-31,cpi_mom,0.3729202524382913
1996-06-30,cpi_mom,0.10860245784509726
1996-07-31,cpi_mom,1.3988808952837717
1996-08-31,cpi_mom,1.3007489160425711
1996-09-30,cpi_mom,1.161756531406355
1996-10-31,cpi_mom,1.1978680147260556
1996-11-30,cpi_mom,1.2108378128902864
1996-12-31,cpi_mom,0.8744635193133066
1997-01-31,cpi_mom,2.1698665106631987
1997-02-28,cpi_mom,1.0879183800947212
1997-03-31,cpi_mom,-0.44799176107105376
1997-04-30,cpi_mom,2.394868877049605
1997-05-31,cpi_mom,-0.19700949686807245
1997-06-30,cpi_mom,-0.31381282583389236
1997-07-31,cpi_mom,0.6194465600406263
1997-08-31,cpi_mom,0.6509562496846311
1997-09-30,cpi_mom,0.6317056051338588
1997-10-31,cpi_mom,0.4035472299721121
1997-11-30,cpi_mom,0.7443060586513228
1997-12-31,cpi_mom,0.11328375116976819
1998-01-31,cpi_mom,-0.054117878579151846
1998-02-28,cpi_mom,0.3593403888751956
1998-03-31,cpi_mom,1.7706494016088037
1998-04-30,cpi_mom,0.4482143717769338
1998-05-31,cpi_mom,0.1487381249400288
1998-06-30,cpi_mom,0.46950606046087806
1998-07-31,cpi_mom,0.8630966572886534
1998-08-31,cpi_mom,0.8746217851739679
1998-09-30,cpi_mom,0.11248066738531737
1998-10-31,cpi_mom,0.49155002106642254
1998-11-30,cpi_mom,0.4751700363365252
1998-12-31,cpi_mom,0.23646142433235706
1999-01-31,cpi_mom,-0.18039687312086938
1999-02-28,cpi_mom,0.375347544022242
1999-03-31,cpi_mom,0.3462444023821787
1999-04-30,cpi_mom,0.2668384247331401
1999-05-31,cpi_mom,-0.0734147012939168
1999-06-30,cpi_mom,-0.1607126457893182
1999-07-31,cpi_mom,0.6806788391666041
1999-08-31,cpi_mom,0.46594490886666673
1999-09-30,cpi_mom,0.38193970808892974
1999-10-31,cpi_mom,0.919508991257878
1999-11-30,cpi_mom,0.08527827648114883
1999-12-31,cpi_mom,-0.1076281447598415
2000-01-31,cpi_mom,0.20202020202018112
2000-02-29,cpi_mom,-0.01792114695340352
2000-03-31,cpi_mom,0.8782936010037545
2000-04-30,cpi_mom,0.5641435678749085
2000-05-31,cpi_mom,-0.10601174963558169
2000-06-30,cpi_mom,1.0479770064116822
2000-07-31,cpi_mom,0.5645020129529055
2000-08-31,cpi_mom,-0.05656846960532258
2000-09-30,cpi_mom,0.9752699407871823
2000-10-31,cpi_mom,0.4484304932735439
2000-11-30,cpi_mom,0.8971497252747263
2000-12-31,cpi_mom,-0.4467134652201721
2001-01-31,cpi_mom,-0.1623931623931596
2001-02-28,cpi_mom,-0.08132865336872852
2001-03-31,cpi_mom,0.47551728569592555
2001-04-30,cpi_mom,0.33682953867144594
2001-05-31,cpi_mom,-0.4504313092253409
2001-06-30,cpi_mom,0.008537157980081922
2001-07-31,cpi_mom,0.8604390296262698
2001-08-31,cpi_mom,0.6079027355623268
2001-09-30,cpi_mom,0.12669330474612828
2001-10-31,cpi_mom,0.3893322951138867
2001-11-30,cpi_mom,0.28117122357960156
2001-12-31,cpi_mom,-0.4640819878178548
2002-01-31,cpi_mom,0.1068479844584802
2002-02-28,cpi_mom,0.3202018241800886
2002-03-31,cpi_mom,1.305735564367927
2002-04-30,cpi_mom,0.3437082299026173
2002-05-31,cpi_mom,-0.666032350142709
2002-06-30,cpi_mom,0.47892720306512704
2002-07-31,cpi_mom,1.0867492850333615
2002-08-31,cpi_mom,0.3112033195020736
2002-09-30,cpi_mom,0.1880229387985155
2002-10-31,cpi_mom,0.15951956460540373
2002-11-30,cpi_mom,-0.0843170320404596
2002-12-31,cpi_mom,-0.24378809188935202
2003-01-31,cpi_mom,0.15978945389603094
2003-02-28,cpi_mom,0.46921921921923015
2003-03-31,cpi_mom,0.02802167009154921
2003-04-30,cpi_mom,0.33616584181528353
2003-05-31,cpi_mom,-0.2885062819916073
2003-06-30,cpi_mom,-0.2053388090349051
2003-07-31,cpi_mom,0.5705200149644485
2003-08-31,cpi_mom,0.6602808518552994
2003-09-30,cpi_mom,0.6005173688100607
2003-10-31,cpi_mom,1.46937276150243
2003-11-30,cpi_mom,0.597339125712737
2003-12-31,cpi_mom,0.8996851102114345
2004-01-31,cpi_mom,-0.0891662951404526
2004-02-29,cpi_mom,-0.33913431503792557
2004-03-31,cpi_mom,1.0208650488045201
2004-04-30,cpi_mom,0.9573619359985797
2004-05-31,cpi_mom,0.6936517692510469
2004-06-30,cpi_mom,1.1161492849668608
2004-07-31,cpi_mom,1.3797861331493744
2004-08-31,cpi_mom,0.5869343314052422
2004-09-30,cpi_mom,0.37209302325580396
2004-10-31,cpi_mom,1.1879686578481818
2004-11-30,cpi_mom,1.115736885928409
2004-12-31,cpi_mom,-0.8481554677206904
2005-01-31,cpi_mom,0.9716800930155145
2005-02-28,cpi_mom,0.9870044415200008
2005-03-31,cpi_mom,1.2949991855351284
2005-04-30,cpi_mom,1.736753236310995
2005-05-31,cpi_mom,-0.4425827866908927
2005-06-30,cpi_mom,0.09526077637533881
2005-07-31,cpi_mom,1.617891981917663
2005-08-31,cpi_mom,0.03902286740031791
2005-09-30,cpi_mom,0.4992978623810096
2005-10-31,cpi_mom,0.9392951405061467
2005-11-30,cpi_mom,0.7613627624394548
2005-12-31,cpi_mom,-0.2747672111128252
2006-01-31,cpi_mom,1.2015919179549917
2006-02-28,cpi_mom,0.32519095515388674
2006-03-31,cpi_mom,0.23368008442636867
2006-04-30,cpi_mom,1.0227870948334328
2006-05-31,cpi_mom,0.4541055609320166
2006-06-30,cpi_mom,0.585445383133254
2006-07-31,cpi_mom,1.6061298165475524
2006-08-31,cpi_mom,1.2471901965049659
2006-09-30,cpi_mom,0.3151185275370727
2006-10-31,cpi_mom,0.3569643749553819
2006-11-30,cpi_mom,0.7256171302553849
2006-12-31,cpi_mom,0.4731972596934808
2007-01-31,cpi_mom,-0.8786728525235543
2007-02-28,cpi_mom,1.0353875611659014
2007-03-31,cpi_mom,0.49133150838771567
2007-04-30,cpi_mom,0.31431165747015655
2007-05-31,cpi_mom,0.919092048461212
2007-06-30,cpi_mom,0.20008279287981878
2007-07-31,cpi_mom,1.0121875645527911
2007-08-31,cpi_mom,1.322426721199732
2007-09-30,cpi_mom,2.125941872981718
2007-10-31,cpi_mom,1.2252964426877178
2007-11-30,cpi_mom,0.1366653650917815
2007-12-31,cpi_mom,0.5849093390524418
2008-01-31,cpi_mom,1.9125153453511512
2008-02-29,cpi_mom,0.48817599695683
2008-03-31,cpi_mom,3.078864353312305
2008-04-30,cpi_mom,3.035867303219497
2008-05-31,cpi_mom,2.690982535345121
2008-06-30,cpi_mom,2.099843813270086
2008-07-31,cpi_mom,4.383591554793553
2008-08-31,cpi_mom,1.7534490431686756
2008-09-30,cpi_mom,0.796011196641011
2008-10-31,cpi_mom,1.3885272932395942
2008-11-30,cpi_mom,-0.31669947787383856
2008-12-31,cpi_mom,-0.2404258973037865
2009-01-31,cpi_mom,0.24100533654671796
2009-02-28,cpi_mom,1.3738622703074022
2009-03-31,cpi_mom,0.36422158224631573
2009-04-30,cpi_mom,1.0043041606886849
2009-05-31,cpi_mom,-0.06684491978610207
2009-06-30,cpi_mom,0.8695652173912993
1977-07-31,spi_yoy,12.861888941623146
1977-08-31,spi_yoy,12.548986198670997
1977-09-30,spi_yoy,10.912665216663875
1977-10-31,spi_yoy,8.532872541759229
1977-11-30,spi_yoy,6.3226685911314195
1977-12-31,spi_yoy,5.390482243584649
1978-01-31,spi_yoy,3.061104352262478
1978-02-28,spi_yoy,2.514281273073493
1978-03-31,spi_yoy,2.004462911665139
1978-04-30,spi_yoy,0.7201920512136528
1978-05-31,spi_yoy,1.6749572516710387
1978-06-30,spi_yoy,3.468230694037122
1978-07-31,spi_yoy,3.325942350332589
1978-08-31,spi_yoy,3.1451063507682564
1978-09-30,spi_yoy,3.3223969528981323
1978-10-31,spi_yoy,3.502653525398025
1978-11-30,spi_yoy,3.6652965798107173
1978-12-31,spi_yoy,3.441257397007269
1979-01-31,spi_yoy,5.083584021933674
1979-02-28,spi_yoy,4.370735405610304
1979-03-31,spi_yoy,3.3794742201938677
1979-04-30,spi_yoy,3.7189769975786824
1979-05-31,spi_yoy,8.523487367656646
1979-06-30,spi_yoy,9.511752701987763
1979-07-31,spi_yoy,12.672043806422973
1979-08-31,spi_yoy,13.437052801526473
1979-09-30,spi_yoy,13.31849040075921
1979-10-31,spi_yoy,12.976120714913563
1979-11-30,spi_yoy,9.501291331708561
1979-12-31,spi_yoy,9.21148520623818
1980-01-31,spi_yoy,10.07030004348457
1980-02-29,spi_yoy,10.750735481059115
1980-03-31,spi_yoy,12.73304389069283
1980-04-30,spi_yoy,13.80266277585267
1980-05-31,spi_yoy,10.932272038882807
1980-06-30,spi_yoy,10.873391076296635
1980-07-31,spi_yoy,10.808504479938819
1980-08-31,spi_yoy,11.479116977248061
1980-09-30,spi_yoy,12.153047629720582
1980-10-31,spi_yoy,14.742752432484485
1980-11-30,spi_yoy,19.874673479167914
1980-12-31,spi_yoy,18.93570035280856
1981-01-31,spi_yoy,17.329278710490435
1981-02-28,spi_yoy,17.73941331452191
1981-03-31,spi_yoy,16.381103876064994
1981-04-30,spi_yoy,16.487400477724854
1981-05-31,spi_yoy,16.72936928986557
1981-06-30,spi_yoy,16.72201678286356
1981-07-31,spi_yoy,15.85482941816554
1981-08-31,spi_yoy,16.50162948107292
1981-09-30,spi_yoy,16.264499720860968
1981-10-31,spi_yoy,14.542015011899668
1981-11-30,spi_yoy,15.011671754354472
1981-12-31,spi_yoy,14.699466795928306
1982-01-31,spi_yoy,13.927272727272722
1982-02-28,spi_yoy,11.671279027794501
1982-03-31,spi_yoy,11.544236891104575
1982-04-30,spi_yoy,10.804707001069769
1982-05-31,spi_yoy,9.969451298319832
1982-06-30,spi_yoy,8.27046017393307
1982-07-31,spi_yoy,5.116022099447504
1982-08-31,spi_yoy,3.136263381569737
1982-09-30,spi_yoy,2.5342794643333333
1982-10-31,spi_yoy,3.020777836973898
1982-11-30,spi_yoy,1.051262034868583
1982-12-31,spi_yoy,2.5779186476492244
1983-01-31,spi_yoy,2.617299712735388
1983-02-28,spi_yoy,4.105161081779984
1983-03-31,spi_yoy,4.043939475526348
1983-04-30,spi_yoy,4.972108989487256
1983-05-31,spi_yoy,4.904108125434048
1983-06-30,spi_yoy,6.77695622107557
1983-07-31,spi_yoy,7.305792074003992
1983-08-31,spi_yoy,7.578760692676845
1983-09-30,spi_yoy,8.034134665417847
1983-10-31,spi_yoy,10.17738015204015
1983-11-30,spi_yoy,13.359427305968996
1983-12-31,spi_yoy,13.435987228344825
1984-01-31,spi_yoy,11.010886469673409
1984-02-29,spi_yoy,9.873732146553515
1984-03-31,spi_yoy,10.035193044198355
1984-04-30,spi_yoy,8.906034438710343
1984-05-31,spi_yoy,9.894586749503498
1984-06-30,spi_yoy,8.678324116973046
1984-07-31,spi_yoy,9.928487460815072
1984-08-31,spi_yoy,9.435151515151507
1984-09-30,spi_yoy,9.994220209999028
1984-10-31,spi_yoy,7.5287491199248935
1984-11-30,spi_yoy,3.3937576666212443
1984-12-31,spi_yoy,2.374358741544458
1985-01-31,spi_yoy,5.799943961894094
1985-02-28,spi_yoy,8.077430293896004
1985-03-31,spi_yoy,8.466205728799192
1985-04-30,spi_yoy,8.876794595101822
1985-05-31,spi_yoy,6.3809082483781365
1985-06-30,spi_yoy,5.175338070135238
1985-07-31,spi_yoy,3.8631199037561403
1985-08-31,spi_yoy,3.5177883124362985
1985-09-30,spi_yoy,3.2491132810789525
1985-10-31,spi_yoy,3.125409227814391
1985-11-30,spi_yoy,4.271025573424714
1985-12-31,spi_yoy,3.964523281596466
1986-01-31,spi_yoy,2.988170903954801
1986-02-28,spi_yoy,0.9543731206693495
1986-03-31,spi_yoy,-1.2792159923680768
1986-04-30,spi_yoy,-2.701887442902706
1986-05-31,spi_yoy,-1.4853857211308275
1986-06-30,spi_yoy,0.30944909344490235
1986-07-31,spi_yoy,1.3767695242220546
1986-08-31,spi_yoy,2.0845949755448956
1986-09-30,spi_yoy,1.6791277285456818
1986-10-31,spi_yoy,1.5158176558121683
1986-11-30,spi_yoy,1.4324909327737556
1986-12-31,spi_yoy,2.8306002008092523
1987-01-31,spi_yoy,1.6699840984907954
1987-02-28,spi_yoy,1.985715011884026
1987-03-31,spi_yoy,3.612118628316585
1987-04-30,spi_yoy,5.971997172138055
1987-05-31,spi_yoy,7.833911338587396
1987-06-30,spi_yoy,8.39149365211802
1987-07-31,spi_yoy,6.5090808262858735
1987-08-31,spi_yoy,7.005013391937354
1987-09-30,spi_yoy,7.543044547690592
1987-10-31,spi_yoy,7.615600027320535
1987-11-30,spi_yoy,7.08452429563089
1987-12-31,spi_yoy,5.748454168648487
1988-01-31,spi_yoy,6.767021129678219
1988-02-29,spi_yoy,7.779241489287925
1988-03-31,spi_yoy,8.6597222222222
1988-04-30,spi_yoy,9.810364893544211
1988-05-31,spi_yoy,8.019881783987115
1988-06-30,spi_yoy,7.2033620066977555
1988-07-31,spi_yoy,11.40904653433128
1988-08-31,spi_yoy,12.406135678069452
1988-09-30,spi_yoy,11.823379923761124
1988-10-31,spi_yoy,13.442498095963451
1988-11-30,spi_yoy,15.290753098188748
1988-12-31,spi_yoy,15.350510826961393
1989-01-31,spi_yoy,15.948777648428415
1989-02-28,spi_yoy,14.429076873592784
1989-03-31,spi_yoy,14.494791333802004
1989-04-30,spi_yoy,13.298004987531154
1989-05-31,spi_yoy,11.627906976744185
1989-06-30,spi_yoy,11.33774347666301
1989-07-31,spi_yoy,9.533824044865046
1989-08-31,spi_yoy,8.456092269041914
1989-09-30,spi_yoy,7.243906596216121
1989-10-31,spi_yoy,5.7513707060534935
1989-11-30,spi_yoy,3.4066479245907333
1989-12-31,spi_yoy,3.7544563279857224
1990-01-31,spi_yoy,4.741186970102618
1990-02-28,spi_yoy,5.857881718012159
1990-03-31,spi_yoy,5.509349706949496
1990-04-30,spi_yoy,4.215044296483805
1990-05-31,spi_yoy,7.475490196078427
1990-06-30,spi_yoy,8.857347197007194
1990-07-31,spi_yoy,8.49066666666667
1990-08-31,spi_yoy,9.92366412213741
1990-09-30,spi_yoy,10.18753973299431
1990-10-31,spi_yoy,10.898317638345144
1990-11-30,spi_yoy,14.217175755637257
1990-12-31,spi_yoy,15.478363577794486
1991-01-31,spi_yoy,13.558419426989033
1991-02-28,spi_yoy,13.563462559745076
1991-03-31,spi_yoy,12.353190138609671
1991-04-30,spi_yoy,13.179154126405823
1991-05-31,spi_yoy,15.24826370892507
1991-06-30,spi_yoy,13.822206499216637
1991-07-31,spi_yoy,11.518041490512232
1991-08-31,spi_yoy,9.439655172413786
1991-09-30,spi_yoy,10.740901004856006
1991-10-31,spi_yoy,10.447476385841048
1991-11-30,spi_yoy,7.285540931578471
1991-12-31,spi_yoy,6.0997721883862654
1992-01-31,spi_yoy,7.681485649971864
1992-02-29,spi_yoy,8.805649083426847
1992-03-31,spi_yoy,10.36869614352307
1992-04-30,spi_yoy,11.635176113832536
1992-05-31,spi_yoy,8.859507105594533
1992-06-30,spi_yoy,8.813604475623826
1992-07-31,spi_yoy,11.836014987877451
1992-08-31,spi_yoy,11.154872872084365
1992-09-30,spi_yoy,10.111579038770447
1992-10-31,spi_yoy,9.761575673807886
1992-11-30,spi_yoy,11.336842563187876
1992-12-31,spi_yoy,12.133561193637465
1993-01-31,spi_yoy,12.150509537496724
1993-02-28,spi_yoy,11.024197361069321
1993-03-31,spi_yoy,9.78284056487051
1993-04-30,spi_yoy,8.345522169752195
1993-05-31,spi_yoy,8.563992398578858
1993-06-30,spi_yoy,9.601338393112213
1993-07-31,spi_yoy,6.84272763106033
1993-08-31,spi_yoy,8.460629921259866
1993-09-30,spi_yoy,9.97949688510369
1993-10-31,spi_yoy,10.632771918778516
1993-11-30,spi_yoy,10.584925565584324
1993-12-31,spi_yoy,10.136772176631471
1994-01-31,spi_yoy,9.937092264678471
1994-02-28,spi_yoy,10.157943635800581
1994-03-31,spi_yoy,11.53039017565678
1994-04-30,spi_yoy,14.066959808686264
1994-05-31,spi_yoy,12.816317211461637
1994-06-30,spi_yoy,12.330603127326878
1994-07-31,spi_yoy,14.55737405260673
1994-08-31,spi_yoy,13.505319097375246
1994-09-30,spi_yoy,13.283479905133277
1994-10-31,spi_yoy,14.306142159011026
1994-11-30,spi_yoy,15.255041786343115
1994-12-31,spi_yoy,17.066795956709836
1995-01-31,spi_yoy,18.145804468749205
1995-02-28,spi_yoy,17.095141951059833
1995-03-31,spi_yoy,17.124622754706653
1995-04-30,spi_yoy,14.484051261592334
1995-05-31,spi_yoy,16.097246547769917
1995-06-30,spi_yoy,15.436674171778053
1995-07-31,spi_yoy,13.628091932331344
1995-08-31,spi_yoy,14.791513285589964
1995-09-30,spi_yoy,13.624321102132742
1995-10-31,spi_yoy,11.032237056333472
1995-11-30,spi_yoy,10.105222635698684
1995-12-31,spi_yoy,9.971455756422465
1996-01-31,spi_yoy,8.353147290702045
1996-02-29,spi_yoy,9.478047861315254
1996-03-31,spi_yoy,9.868625863893921
1996-04-30,spi_yoy,10.372751437225691
1996-05-31,spi_yoy,9.205885929709323
1996-06-30,spi_yoy,9.241677682970838
1996-07-31,spi_yoy,9.259149415742328
1996-08-31,spi_yoy,8.454317532505407
1996-09-30,spi_yoy,9.973768580588738
1996-10-31,spi_yoy,11.7543550941404
1996-11-30,spi_yoy,12.644950760445184
1996-12-31,spi_yoy,12.372382765184264
1997-01-31,spi_yoy,14.18836981001328
1997-02-28,spi_yoy,15.00860585197934
1997-03-31,spi_yoy,12.053723223393398
1997-04-30,spi_yoy,14.925791094931395
1997-05-31,spi_yoy,14.793986636971045
1997-06-30,spi_yoy,13.190319031903176
1997-07-31,spi_yoy,11.883821932681894
1997-08-31,spi_yoy,10.951024138487163
1997-09-30,spi_yoy,9.922612106434858
1997-10-31,spi_yoy,9.232141919907622
1997-11-30,spi_yoy,8.67518493611299
1997-12-31,spi_yoy,7.9201314033467085
1998-01-31,spi_yoy,6.068574896328505
1998-02-28,spi_yoy,4.943629651800863
1998-03-31,spi_yoy,7.909775957113241
1998-04-30,spi_yoy,3.752436647173485
1998-05-31,spi_yoy,3.400106708056483
1998-06-30,spi_yoy,5.675964622412288
1998-07-31,spi_yoy,6.477752438255124
1998-08-31,spi_yoy,7.7720709371063235
1998-09-30,spi_yoy,6.726781753303124
1998-10-31,spi_yoy,6.967134345569859
1998-11-30,spi_yoy,7.701827875095191
1998-12-31,spi_yoy,7.281807372175986
1999-01-31,spi_yoy,6.708305521121383
1999-02-28,spi_yoy,6.96867424062364
1999-03-31,spi_yoy,5.197544172095414
1999-04-30,spi_yoy,4.950681070925311
1999-05-31,spi_yoy,5.577446289520571
1999-06-30,spi_yoy,4.092706704681315
1999-07-31,spi_yoy,3.495260663507116
1999-08-31,spi_yoy,2.6076791655426756
1999-09-30,spi_yoy,3.2801698820765335
1999-10-31,spi_yoy,2.2235198993800998
1999-11-30,spi_yoy,0.7115707593034815
1999-12-31,spi_yoy,0.07093456286575428
2000-01-31,spi_yoy,0.616594432777795
2000-02-29,spi_yoy,0.37328356219170633
2000-03-31,spi_yoy,0.8687516706762821
2000-04-30,spi_yoy,2.112423916935202
2000-05-31,spi_yoy,2.3059492602301557
2000-06-30,spi_yoy,3.339812687754007
2000-07-31,spi_yoy,3.7955175905948657
2000-08-31,spi_yoy,4.009289282271489
2000-09-30,spi_yoy,4.873354039984257
2000-10-31,spi_yoy,6.0025486663444205
2000-11-30,spi_yoy,6.279896432176235
2000-12-31,spi_yoy,6.05174552542973
2001-01-31,spi_yoy,6.461210533327422
2001-02-28,spi_yoy,5.556293443130977
2001-03-31,spi_yoy,5.587209045536845
2001-04-30,spi_yoy,4.63709677419355
2001-05-31,spi_yoy,2.9054112742117555
2001-06-30,spi_yoy,2.004958960328329
2001-07-31,spi_yoy,2.0810979987639033
2001-08-31,spi_yoy,2.1471528276688856
2001-09-30,spi_yoy,2.0838565520642227
2001-10-31,spi_yoy,1.774369348132443
2001-11-30,spi_yoy,1.7580570133624018
2001-12-31,spi_yoy,2.332447028144169
2002-01-31,spi_yoy,2.0399250683158066
2002-02-28,spi_yoy,3.8515209106325887
2002-03-31,spi_yoy,4.15039487184663
2002-04-30,spi_yoy,4.379633964134078
2002-05-31,spi_yoy,3.9840075957879195
2002-06-30,spi_yoy,4.576016706410013
2002-07-31,spi_yoy,5.128458498023725
2002-08-31,spi_yoy,5.5408453466705865
2002-09-30,spi_yoy,5.149630781189263
2002-10-31,spi_yoy,4.716707021791766
2002-11-30,spi_yoy,3.6858355847163127
2002-12-31,spi_yoy,4.552514074936909
2003-01-31,spi_yoy,4.053265940902029
2003-02-28,spi_yoy,3.130702007106523
2003-03-31,spi_yoy,3.1993123865915463
2003-04-30,spi_yoy,2.5286259541984712
2003-05-31,spi_yoy,3.204014668982813
2003-06-30,spi_yoy,2.020202020202033
2003-07-31,spi_yoy,1.898674687470625
2003-08-31,spi_yoy,1.3473332094406265
2003-09-30,spi_yoy,1.4599889114766285
2003-10-31,spi_yoy,3.588605253422106
2003-11-30,spi_yoy,6.811836962590734
2003-12-31,spi_yoy,7.752297836783972
2004-01-31,spi_yoy,7.361046240074742
2004-02-29,spi_yoy,5.819908743830893
2004-03-31,spi_yoy,6.450120303535067
2004-04-30,spi_yoy,7.557003257328976
2004-05-31,spi_yoy,10.60407705255284
2004-06-30,spi_yoy,11.722398654959832
2004-07-31,spi_yoy,12.48039848722442
2004-08-31,spi_yoy,12.909140918676098
2004-09-30,spi_yoy,12.213114754098363
2004-10-31,spi_yoy,10.508928571428577
2004-11-30,spi_yoy,9.905906952430744
2004-12-31,spi_yoy,8.142340168878182
2005-01-31,spi_yoy,10.3889323936309
2005-02-28,spi_yoy,11.994016191481883
2005-03-31,spi_yoy,11.814309310614624
2005-04-30,spi_yoy,13.186813186813207
2005-05-31,spi_yoy,9.984781873520454
2005-06-30,spi_yoy,9.422289106262038
2005-07-31,spi_yoy,9.19304576020994
2005-08-31,spi_yoy,7.941534713763709
2005-09-30,spi_yoy,8.635662689716739
2005-10-31,spi_yoy,8.742021491476137
2005-11-30,spi_yoy,7.7209671026555515
2005-12-31,spi_yoy,7.728467851167231
2006-01-31,spi_yoy,7.054465200599025
2006-02-28,spi_yoy,7.417301799324294
2006-03-31,spi_yoy,6.935157829264482
2006-04-30,spi_yoy,6.42152740616162
2006-05-31,spi_yoy,7.663924975017289
2006-06-30,spi_yoy,8.687347188264049
2006-07-31,spi_yoy,8.614344723995494
2006-08-31,spi_yoy,10.795155344918372
2006-09-30,spi_yoy,9.996264475158757
2006-10-31,spi_yoy,9.889293409614375
2006-11-30,spi_yoy,10.69247185223341
2006-12-31,spi_yoy,12.010945935951467
2007-01-31,spi_yoy,9.542040936533658
2007-02-28,spi_yoy,8.777704630239192
2007-03-31,spi_yoy,8.855605641995057
2007-04-30,spi_yoy,7.686229437540404
2007-05-31,spi_yoy,8.339283164358147
2007-06-30,spi_yoy,8.049209138840062
2007-07-31,spi_yoy,7.467846770847708
2007-08-31,spi_yoy,7.584193373166759
2007-09-30,spi_yoy,9.80778373972695
2007-10-31,spi_yoy,10.689655172413804
2007-11-30,spi_yoy,8.954926206621462
2007-12-31,spi_yoy,9.217563552327501
2008-01-31,spi_yoy,13.079715015459058
2008-02-29,spi_yoy,12.258758657790313
2008-03-31,spi_yoy,16.190221747261567
2008-04-30,spi_yoy,22.266693349342926
2008-05-31,spi_yoy,26.196124950573353
2008-06-30,spi_yoy,26.284970722186095
2008-07-31,spi_yoy,29.861417710177186
2008-08-31,spi_yoy,31.056290963049538
2008-09-30,spi_yoy,28.924408512244494
2008-10-31,spi_yoy,28.427100647451553
2008-11-30,spi_yoy,29.41788616665548
2008-12-31,spi_yoy,26.185920947617937
2009-01-31,spi_yoy,21.87937091165313
2009-02-28,spi_yoy,24.653111879890854
2009-03-31,spi_yoy,20.79652925418265
2009-04-30,spi_yoy,15.188157040318595
2009-05-31,spi_yoy,11.039388938633277
2009-06-30,spi_yoy,10.985259439358884
1977-07-31,spi_mom,2.27956989247311
1977-08-31,spi_mom,1.0092514718250678
1977-09-30,spi_mom,0.35954886079780923
1977-10-31,spi_mom,-0.5166496964211675
1977-11-30,spi_mom,0.5269143290371536
1977-12-31,spi_mom,0.04525057505939678
1978-01-31,spi_mom,-1.0176774339451966
1978-02-28,spi_mom,0.45314344465174905
1978-03-31,spi_mom,0.5041698256254667
1978-04-30,spi_mom,-0.30551050428091475
1978-05-31,spi_mom,-1.0177058111380144
1978-06-30,spi_mom,1.142835301762024
1978-07-31,spi_mom,2.1389161816945057
1978-08-31,spi_mom,0.8324700310788691
1978-09-30,spi_mom,0.5320515172641649
1978-10-31,spi_mom,-0.34309073655010014
1978-11-30,spi_mom,0.6848813360679884
1978-12-31,spi_mom,-0.17096504310503136
1979-01-31,spi_mom,0.5538551231599076
1979-02-28,spi_mom,-0.22829395564577526
1979-03-31,spi_mom,-0.45036864853085223
1979-04-30,spi_mom,0.021890619869391337
1979-05-31,spi_mom,3.567390114900637
1979-06-30,spi_mom,2.0638889867220733
1979-07-31,spi_mom,5.086441906207928
1979-08-31,spi_mom,1.5170919121269
1979-09-30,spi_mom,0.4269771955361712
1979-10-31,spi_mom,-0.6441846233130488
1979-11-30,spi_mom,-2.411903912860247
1979-12-31,spi_mom,-0.435172574162046
1980-01-31,spi_mom,1.3445882823968969
1980-02-29,spi_mom,0.3884773662551355
1980-03-31,spi_mom,1.3314531203882485
1980-04-30,spi_mom,0.9709052072882862
1980-05-31,spi_mom,0.9551588191929028
1980-06-30,spi_mom,2.0097152109724847
1980-07-31,spi_mom,5.024942014552614
1980-08-31,spi_mom,2.131472828522063
1980-09-30,spi_mom,1.0340937578340537
1980-10-31,spi_mom,1.6500217108119664
1980-11-30,spi_mom,1.9527674376029536
1980-12-31,spi_mom,-1.2150595558747868
1981-01-31,spi_mom,-0.024236548715439454
1981-02-28,spi_mom,0.7393939393939286
1981-03-31,spi_mom,0.16243532667550298
1981-04-30,spi_mom,1.0631269145293887
1981-05-31,spi_mom,1.1648639011054396
1981-06-30,spi_mom,2.0032898601809457
1981-07-31,spi_mom,4.2446581811898865
1981-08-31,spi_mom,2.7016574585635222
1981-09-30,spi_mom,0.8284469309806974
1981-10-31,spi_mom,0.14405378007789071
1981-11-30,spi_mom,2.370804475226418
1981-12-31,spi_mom,-1.4832162373145774
1982-01-31,spi_mom,-0.6973058637084195
1982-02-28,spi_mom,-1.255452707734861
1982-03-31,spi_mom,0.04848615450923077
1982-04-30,spi_mom,0.39308599429215274
1982-05-31,spi_mom,0.40227419008798115
1982-06-30,spi_mom,0.4273732571184352
1982-07-31,spi_mom,1.2075110378211518
1982-08-31,spi_mom,0.7673709660464656
1982-09-30,spi_mom,0.2399332359691364
1982-10-31,spi_mom,0.6192111562077329
1982-11-30,spi_mom,0.41371464032682326
1982-12-31,spi_mom,0.005150126178099512
1983-01-31,spi_mom,-0.6591822020805549
1983-02-28,spi_mom,0.17625712804563154
1983-03-31,spi_mom,-0.010349824053013101
1983-04-30,spi_mom,1.2886864713797852
1983-05-31,spi_mom,0.33723366205098415
1983-06-30,spi_mom,2.2202984162550177
1983-07-31,spi_mom,1.7087630149952737
1983-08-31,spi_mom,1.0237068965517349
1983-09-30,spi_mom,0.6642424242424338
1983-10-31,spi_mom,2.615354975435902
1983-11-30,spi_mom,3.313776108894606
1983-12-31,spi_mom,0.07269092726363002
1984-01-31,spi_mom,-2.7829481999364303
1984-02-29,spi_mom,-0.8499112729989711
1984-03-31,spi_mom,0.13658628485304636
1984-04-30,spi_mom,0.2492827242368545
1984-05-31,spi_mom,1.2480060054424147
1984-06-30,spi_mom,1.0889712696941611
1984-07-31,spi_mom,2.878753151501301
1984-08-31,spi_mom,0.5703337343492043
1984-09-30,spi_mom,1.1785033893048524
1984-10-31,spi_mom,0.3152778385952848
1984-11-30,spi_mom,-0.6591295997206204
1984-12-31,spi_mom,-0.9139643202390579
1985-01-31,spi_mom,0.4700665188470232
1985-02-28,spi_mom,1.2844279661017088
1985-03-31,spi_mom,0.49679696692377373
1985-04-30,spi_mom,0.6287671826894048
1985-05-31,spi_mom,-1.0729983624924722
1985-06-30,spi_mom,-0.056627608136972096
1985-07-31,spi_mom,1.5951882845188337
1985-08-31,spi_mom,0.2359502359502219
1985-09-30,spi_mom,0.9158998502033056
1985-10-31,spi_mom,0.19508885024810407
1985-11-30,spi_mom,0.4444444444444473
1985-12-31,spi_mom,-1.2052254530130702
1986-01-31,spi_mom,-0.4734686913495989
1986-02-28,spi_mom,-0.7157245103501686
1986-03-31,spi_mom,-1.7266683933350624
1986-04-30,spi_mom,-0.8214003338311238
1986-05-31,spi_mom,0.1638690818902333
1986-06-30,spi_mom,1.7642377078174842
1986-07-31,spi_mom,2.676189337806467
1986-08-31,spi_mom,0.9358103424372821
1986-09-30,spi_mom,0.5150745141130564
1986-10-31,spi_mom,0.034162339436960565
1986-11-30,spi_mom,0.3619971313434833
1986-12-31,spi_mom,0.15652647339052805
1987-01-31,spi_mom,-1.5967928246245933
1987-02-28,spi_mom,-0.40740229250102455
1987-03-31,spi_mom,-0.15946751716009455
1987-04-30,spi_mom,1.4374999999999805
1987-05-31,spi_mom,1.923735195454257
1987-06-30,spi_mom,2.290435249865652
1987-07-31,spi_mom,0.8930330290892519
1987-08-31,spi_mom,1.405792385291238
1987-09-30,spi_mom,1.0204736538091508
1987-10-31,spi_mom,0.10165184243964287
1987-11-30,spi_mom,-0.13328255902512742
1987-12-31,spi_mom,-1.0931045440101816
1988-01-31,spi_mom,-0.648975133329055
1988-02-29,spi_mom,0.5367998965205123
1988-03-31,spi_mom,0.65615953682856
1988-04-30,spi_mom,2.5116635776826435
1988-05-31,spi_mom,0.2618453865336656
1988-06-30,spi_mom,1.5172242258425284
1988-07-31,spi_mom,4.8511576626240505
1988-08-31,spi_mom,2.3133543638275356
1988-09-30,spi_mom,0.4967454607742505
1988-10-31,spi_mom,1.5510482358956912
1988-11-30,spi_mom,1.4937898623699208
1988-12-31,spi_mom,-1.0418389283942342
1989-01-31,spi_mom,-0.13368983957220415
1989-02-28,spi_mom,-0.7809013833110279
1989-03-31,spi_mom,0.7139644704295067
1989-04-30,spi_mom,1.4401339659503076
1989-05-31,spi_mom,-1.2160898035546985
1989-06-30,spi_mom,1.2533422459892973
1989-07-31,spi_mom,3.1523353688727385
1989-08-31,spi_mom,1.306666666666656
1989-09-30,spi_mom,-0.6264806528033628
1989-10-31,spi_mom,0.13774104683197397
1989-11-30,spi_mom,-0.7565337001375405
1989-12-31,spi_mom,-0.7089930166853553
1990-01-31,spi_mom,0.8160635670568128
1990-02-28,spi_mom,0.2769197997656958
1990-03-31,spi_mom,0.3823685608072225
1990-04-30,spi_mom,0.19574648185376464
1990-05-31,spi_mom,1.874438988330951
1990-06-30,spi_mom,2.5551985073079875
1990-07-31,spi_mom,2.8048718855814503
1990-08-31,spi_mom,2.6447743584701477
1990-09-30,spi_mom,-0.3879310344827469
1990-10-31,spi_mom,0.7836915236309361
1990-11-30,spi_mom,2.2135292433927756
1990-12-31,spi_mom,0.3873798189116151
1991-01-31,spi_mom,-0.860105072295303
1991-02-28,spi_mom,0.2813731007315745
1991-03-31,spi_mom,-0.6874298540965218
1991-04-30,spi_mom,0.9323350755756188
1991-05-31,spi_mom,3.7368789363191324
1991-06-30,spi_mom,1.2862025544162492
1991-07-31,spi_mom,0.7237367906935299
1991-08-31,spi_mom,0.7317610756006232
1991-09-30,spi_mom,0.7964640497133857
1991-10-31,spi_mom,0.516650023878773
1991-11-30,spi_mom,-0.7126814098134093
1991-12-31,spi_mom,-0.7221473006482015
1992-01-31,spi_mom,0.6178519784409087
1992-02-29,spi_mom,1.3282815085793764
1992-03-31,spi_mom,0.739244423432317
1992-04-30,spi_mom,2.0905328725628225
1992-05-31,spi_mom,1.1575912073216843
1992-06-30,spi_mom,1.2434933487564859
1992-07-31,spi_mom,3.5214428530623954
1992-08-31,spi_mom,0.11824990145841152
1992-09-30,spi_mom,-0.14960629921259017
1992-10-31,spi_mom,0.19714533554135993
1992-11-30,spi_mom,0.71226192350069
1992-12-31,spi_mom,-0.011721955222121494
1993-01-31,spi_mom,0.6330597889800504
1993-02-28,spi_mom,0.3106554830692776
1993-03-31,spi_mom,-0.3871167544131304
1993-04-30,spi_mom,0.7539250738380243
1993-05-31,spi_mom,1.361567538378461
1993-06-30,spi_mom,2.21089082537389
1993-07-31,spi_mom,0.9158600148920115
1993-08-31,spi_mom,1.6343245037999
1993-09-30,spi_mom,1.2486841627645129
1993-10-31,spi_mom,0.7923134836697265
1993-11-30,spi_mom,0.6687059827843678
1993-12-31,spi_mom,-0.41693166560665684
1994-01-31,spi_mom,0.4506102753335295
1994-02-28,spi_mom,0.5121684151036865
1994-03-31,spi_mom,0.8539499578296139
1994-04-30,spi_mom,3.04540227882506
1994-05-31,spi_mom,0.25022824874041394
1994-06-30,spi_mom,1.7708368468985158
1994-07-31,spi_mom,2.9163522825784938
1994-08-31,spi_mom,0.7009503268854855
1994-09-30,spi_mom,1.0507998125962148
1994-10-31,spi_mom,1.7022122135382123
1994-11-30,spi_mom,1.504395962227334
1994-12-31,spi_mom,1.1484665725650878
1995-01-31,spi_mom,1.3764668569616223
1995-02-28,spi_mom,-0.3816793893129833
1995-03-31,spi_mom,0.8793417498900835
1995-04-30,spi_mom,0.7222464354647906
1995-05-31,spi_mom,1.6628546702108116
1995-06-30,spi_mom,1.1917791560257518
1995-07-31,spi_mom,1.30392981612788
1995-08-31,spi_mom,1.7320125748857995
1995-09-30,spi_mom,0.02332225526209264
1995-10-31,spi_mom,-0.6178956572427841
1995-11-30,spi_mom,0.6569300252214028
1995-12-31,spi_mom,1.0255812598333414
1996-01-31,spi_mom,-0.11536021226280502
1996-02-29,spi_mom,0.6525379684703125
1996-03-31,spi_mom,1.239242685025821
1996-04-30,spi_mom,1.184404397597194
1996-05-31,spi_mom,0.588070568468213
1996-06-30,spi_mom,1.2249443207127175
1996-07-31,spi_mom,1.3201320132012917
1996-08-31,spi_mom,0.9826275787187866
1996-09-30,spi_mom,1.4246545884629924
1996-10-31,spi_mom,0.9912011025124512
1996-11-30,spi_mom,1.4590878076943259
1996-12-31,spi_mom,0.7811287569189362
1997-01-31,spi_mom,1.4988194230572072
1997-02-28,spi_mom,1.3755436431678092
1997-03-31,spi_mom,-1.361867704280162
1997-04-30,spi_mom,3.7778789258079204
1997-05-31,spi_mom,0.4727095516569024
1997-06-30,spi_mom,-0.18916428190326462
1997-07-31,spi_mom,0.15064632131402966
1997-08-31,spi_mom,0.14071522150513882
1997-09-30,spi_mom,0.4845430758794622
1997-10-31,spi_mom,0.3568328672002963
1997-11-30,spi_mom,0.9417643667115172
1997-12-31,spi_mom,0.08092155369383569
1998-01-31,spi_mom,-0.24256837098693973
1998-02-28,spi_mom,0.3003718890054685
1998-03-31,spi_mom,1.4260588486951553
1998-04-30,spi_mom,-0.22027464029620303
1998-05-31,spi_mom,0.13151714419914473
1998-06-30,spi_mom,2.0076930293648543
1998-07-31,spi_mom,0.9105122781201125
1998-08-31,spi_mom,1.3580021873860648
1998-09-30,spi_mom,-0.49006384317956675
1998-10-31,spi_mom,0.5828401030135932
1998-11-30,spi_mom,1.635073218938099
1998-12-31,spi_mom,-0.3093785910014857
1999-01-31,spi_mom,-0.7758467813442249
1999-02-28,spi_mom,0.5451052231803866
1999-03-31,spi_mom,-0.25329956005866183
1999-04-30,spi_mom,-0.45442395081528586
1999-05-31,spi_mom,0.7295023272466672
1999-06-30,spi_mom,0.5731550184387313
1999-07-31,spi_mom,0.3313306237851199
1999-08-31,spi_mom,0.4887499449605981
1999-09-30,spi_mom,0.1621242660590605
1999-10-31,spi_mom,-0.446213745133206
1999-11-30,spi_mom,0.13182756953904473
1999-12-31,spi_mom,-0.9435204283143928
2000-01-31,spi_mom,-0.2348041821726099
2000-02-29,spi_mom,0.30196722767441564
2000-03-31,spi_mom,0.23907557444546867
2000-04-30,spi_mom,0.7729340576829724
2000-05-31,spi_mom,0.9204067321177956
2000-06-30,spi_mom,1.5895075132458913
2000-07-31,spi_mom,0.7737688098495177
2000-08-31,spi_mom,0.6957111950112616
2000-09-30,spi_mom,0.9942284197665963
2000-10-31,spi_mom,0.6257039169065282
2000-11-30,spi_mom,0.3938150312979394
2000-12-31,spi_mom,-1.1561648360723487
2001-01-31,spi_mom,0.15038850363437994
2001-02-28,spi_mom,-0.550596479519494
2001-03-31,spi_mom,0.2684338562201072
2001-04-30,spi_mom,-0.13385760896843513
2001-05-31,spi_mom,-0.7497696238586093
2001-06-30,spi_mom,0.7005697404515843
2001-07-31,spi_mom,0.8489888573345983
2001-08-31,spi_mom,0.7608695652173925
2001-09-30,spi_mom,0.9316465627145165
2001-10-31,spi_mom,0.32063738826273447
2001-11-30,spi_mom,0.3777239709443103
2001-12-31,spi_mom,-0.5982246236974187
2002-01-31,spi_mom,-0.13589594253542447
2002-02-28,spi_mom,1.2150077760497702
2002-03-31,spi_mom,0.5569960626140347
2002-04-30,spi_mom,0.08595167605769394
2002-05-31,spi_mom,-1.1259541984732668
2002-06-30,spi_mom,1.2738853503184489
2002-07-31,spi_mom,1.381741947779691
2002-08-31,spi_mom,1.1561236958360643
2002-09-30,spi_mom,0.5575171901133658
2002-10-31,spi_mom,-0.09240436148586495
2002-11-30,spi_mom,-0.6104328523862446
2002-12-31,spi_mom,0.2326447050065017
2003-01-31,spi_mom,-0.6127564757218429
2003-02-28,spi_mom,0.3176085941149154
2003-03-31,spi_mom,0.623894217338683
2003-04-30,spi_mom,-0.5645012030353613
2003-05-31,spi_mom,-0.4746393671475113
2003-06-30,spi_mom,0.11221245558257209
2003-07-31,spi_mom,1.2609751541191816
2003-08-31,spi_mom,0.6087999262060828
2003-09-30,spi_mom,0.6692949481984067
2003-10-31,spi_mom,2.003642987249532
2003-11-30,spi_mom,2.482142857142855
2003-12-31,spi_mom,1.1151768600801581
2004-01-31,spi_mom,-0.9736343270721926
2004-02-29,spi_mom,-1.1224223440355119
2004-03-31,spi_mom,1.2231608588525233
2004-04-30,spi_mom,0.46944275406413105
2004-05-31,spi_mom,2.3448991952929266
2004-06-30,spi_mom,1.1244504565437907
2004-07-31,spi_mom,1.94799765905862
2004-08-31,spi_mom,0.9922912907987635
2004-09-30,spi_mom,0.04872107186357777
2004-10-31,spi_mom,0.4545085626166623
2004-11-30,spi_mom,1.9229215480326634
2004-12-31,spi_mom,-0.5073325406262374
2005-01-31,spi_mom,1.0835789976894272
2005-02-28,spi_mom,0.31528336092061515
2005-03-31,spi_mom,1.0607370157931895
2005-04-30,spi_mom,1.7026900948530432
2005-05-31,spi_mom,-0.550416634813855
2005-06-30,spi_mom,0.6072718886924511
2005-07-31,spi_mom,1.7344132029339931
2005-08-31,spi_mom,-0.16522718738264386
2005-09-30,spi_mom,0.6920935830888153
2005-10-31,spi_mom,0.5528576765035709
2005-11-30,spi_mom,0.9658964261832104
2005-12-31,spi_mom,-0.5004047391272248
2006-01-31,spi_mom,0.4511500628651577
2006-02-28,spi_mom,0.6552790457959201
2006-03-31,spi_mom,0.6071245702581995
2006-04-30,spi_mom,1.2141922349862
2006-05-31,spi_mom,0.6105883198046058
2006-06-30,spi_mom,1.563615593317147
2006-07-31,spi_mom,1.6660808435852603
2006-08-31,spi_mom,1.83930300096804
2006-09-30,spi_mom,-0.03394894079304933
2006-10-31,spi_mom,0.45507029817293265
2006-11-30,spi_mom,1.7038539553752452
2006-12-31,spi_mom,0.6847493684350558
2007-01-31,spi_mom,-1.7629580719709437
2007-02-28,spi_mom,-0.047049334587989655
2007-03-31,spi_mom,0.6791742317261651
2007-04-30,spi_mom,0.12690355329949554
2007-05-31,spi_mom,1.220732439463701
2007-06-30,spi_mom,1.2916831422169262
2007-07-31,spi_mom,1.1190631099544657
2007-08-31,spi_mom,1.9495560416934898
2007-09-30,spi_mom,2.03218680971915
2007-10-31,spi_mom,1.2618296529968598
2007-11-30,spi_mom,0.10995052226496771
2007-12-31,spi_mom,0.9274513393129569
2008-01-31,spi_mom,1.7109001874131113
2008-02-29,spi_mom,-0.7727056585829839
2008-03-31,spi_mom,4.205103630046736
2008-04-30,spi_mom,5.363301908484686
2008-05-31,spi_mom,4.473784712750306
2008-06-30,spi_mom,1.3629954566817926
2008-07-31,spi_mom,3.9828003117760913
2008-08-31,spi_mom,2.887608311600909
2008-09-30,spi_mom,0.3724371946607796
2008-10-31,spi_mom,0.871226315189233
2008-11-30,spi_mom,0.8822757465021924
2008-12-31,spi_mom,-1.5930195325007945
2009-01-31,spi_mom,-1.7603514195070447
2009-02-28,spi_mom,1.485517446963569
2009-03-31,spi_mom,0.981152088772852
2009-04-30,spi_mom,0.47146752853246543
2009-05-31,spi_mom,0.7109195309861205
2009-06-30,spi_mom,1.3135830072666055
1977-07-31,wpi_yoy,8.468867400179448
1977-08-31,wpi_yoy,8.737353691529638
1977-09-30,wpi_yoy,8.046095258450459
1977-10-31,wpi_yoy,5.512488006641747
1977-11-30,wpi_yoy,6.012386363582922
1977-12-31,wpi_yoy,5.235250840500405
1978-01-31,wpi_yoy,4.14556235119159
1978-02-28,wpi_yoy,5.6031508572980115
1978-03-31,wpi_yoy,6.363695001360026
1978-04-30,wpi_yoy,4.379458633083488
1978-05-31,wpi_yoy,2.206355205873134
1978-06-30,wpi_yoy,3.4948095888734043
1978-07-31,wpi_yoy,3.3729713559195407
1978-08-31,wpi_yoy,3.994811932555109
1978-09-30,wpi_yoy,4.631033845015731
1978-10-31,wpi_yoy,5.434458047178281
1978-11-30,wpi_yoy,5.6020629344495365
1978-12-31,wpi_yoy,6.140609999261493
1979-01-31,wpi_yoy,7.9575596816976235
1979-02-28,wpi_yoy,7.082276187024283
1979-03-31,wpi_yoy,5.627273375650788
1979-04-30,wpi_yoy,7.897023680208548
1979-05-31,wpi_yoy,11.593339045561212
1979-06-30,wpi_yoy,11.558216014484767
1979-07-31,wpi_yoy,13.720879756909277
1979-08-31,wpi_yoy,13.16323985318746
1979-09-30,wpi_yoy,9.092515996747586
1979-10-31,wpi_yoy,9.328094024355682
1979-11-30,wpi_yoy,7.665357256608996
1979-12-31,wpi_yoy,6.759436423725851
1980-01-31,wpi_yoy,8.237783237783237
1980-02-29,wpi_yoy,7.294205253181696
1980-03-31,wpi_yoy,9.098582039162695
1980-04-30,wpi_yoy,8.59089231182255
1980-05-31,wpi_yoy,8.662994491737596
1980-06-30,wpi_yoy,10.27127289589611
1980-07-31,wpi_yoy,8.171899354264077
1980-08-31,wpi_yoy,7.330667254463608
1980-09-30,wpi_yoy,11.46829126024822
1980-10-31,wpi_yoy,11.430236699802476
1980-11-30,wpi_yoy,17.772737731321662
1980-12-31,wpi_yoy,16.429874869655926
1981-01-31,wpi_yoy,13.597956996027506
1981-02-28,wpi_yoy,13.621880816429544
1981-03-31,wpi_yoy,13.872814482438534
1981-04-30,wpi_yoy,15.658703915448546
1981-05-31,wpi_yoy,15.93548387096777
1981-06-30,wpi_yoy,14.324762705755134
1981-07-31,wpi_yoy,13.123492702059302
1981-08-31,wpi_yoy,14.875628317391243
1981-09-30,wpi_yoy,14.064391161222535
1981-10-31,wpi_yoy,13.943185942549508
1981-11-30,wpi_yoy,10.560495050745654
1981-12-31,wpi_yoy,11.29555664529227
1982-01-31,wpi_yoy,11.085809113216571
1982-02-28,wpi_yoy,10.054768775605805
1982-03-31,wpi_yoy,6.606772084532064
1982-04-30,wpi_yoy,5.158543021212814
1982-05-31,wpi_yoy,4.250420872140381
1982-06-30,wpi_yoy,3.1514410153834715
1982-07-31,wpi_yoy,4.046276379280278
1982-08-31,wpi_yoy,2.9472241261137677
1982-09-30,wpi_yoy,2.787277701778401
1982-10-31,wpi_yoy,3.119831175497656
1982-11-30,wpi_yoy,1.2363800598430785
1982-12-31,wpi_yoy,1.38349924076262
1983-01-31,wpi_yoy,1.8606470358160765
1983-02-28,wpi_yoy,3.373956217558116
1983-03-31,wpi_yoy,4.463827603899451
1983-04-30,wpi_yoy,4.7732696897374804
1983-05-31,wpi_yoy,4.7808538457165595
1983-06-30,wpi_yoy,8.128738251210477
1983-07-31,wpi_yoy,7.2526121696373735
1983-08-31,wpi_yoy,8.005992010652463
1983-09-30,wpi_yoy,8.440082071757327
1983-10-31,wpi_yoy,8.456858407079615
1983-11-30,wpi_yoy,11.956279277269655
1983-12-31,wpi_yoy,12.63105341987021
1984-01-31,wpi_yoy,12.029621503016985
1984-02-29,wpi_yoy,11.347014518065702
1984-03-31,wpi_yoy,11.542239685658151
1984-04-30,wpi_yoy,11.140036880355764
1984-05-31,wpi_yoy,12.027994791666629
1984-06-30,wpi_yoy,10.894531661574147
1984-07-31,wpi_yoy,10.842153773206231
1984-08-31,wpi_yoy,8.563765595651951
1984-09-30,wpi_yoy,7.520229526930566
1984-10-31,wpi_yoy,7.207858140048051
1984-11-30,wpi_yoy,3.871358304901795
1984-12-31,wpi_yoy,2.107558134066201
1985-01-31,wpi_yoy,1.1687558866838144
1985-02-28,wpi_yoy,0.9258145937916629
1985-03-31,wpi_yoy,0.7928341399373595
1985-04-30,wpi_yoy,0.8358920817492566
1985-05-31,wpi_yoy,1.0585394410561388
1985-06-30,wpi_yoy,1.0743535238333823
1985-07-31,wpi_yoy,0.9976745930537767
1985-08-31,wpi_yoy,2.393898202688427
1985-09-30,wpi_yoy,2.914832245331689
1985-10-31,wpi_yoy,3.492256301245056
1985-11-30,wpi_yoy,4.8446349303536085
1985-12-31,wpi_yoy,5.242494226327965
1986-01-31,wpi_yoy,6.079097790823407
1986-02-28,wpi_yoy,6.952949383768692
1986-03-31,wpi_yoy,6.6702819956615755
1986-04-30,wpi_yoy,6.866455549548167
1986-05-31,wpi_yoy,5.544933078393899
1986-06-30,wpi_yoy,3.6306353611881947
1986-07-31,wpi_yoy,2.9857397504456262
1986-08-31,wpi_yoy,3.73921380632789
1986-09-30,wpi_yoy,3.717362442838179
1986-10-31,wpi_yoy,3.8072183098591728
1986-11-30,wpi_yoy,4.387181546098229
1986-12-31,wpi_yoy,5.061809670104589
1987-01-31,wpi_yoy,4.7986601616544
1987-02-28,wpi_yoy,4.863023626612573
1987-03-31,wpi_yoy,5.643111337061546
1987-04-30,wpi_yoy,5.92656837236194
1987-05-31,wpi_yoy,6.536231884057964
1987-06-30,wpi_yoy,8.44733984799133
1987-07-31,wpi_yoy,11.135150728400433
1987-08-31,wpi_yoy,10.13081188681928
1987-09-30,wpi_yoy,10.745270942966844
1987-10-31,wpi_yoy,10.43742491696702
1987-11-30,wpi_yoy,9.97902097902099
1987-12-31,wpi_yoy,10.088421638933376
1988-01-31,wpi_yoy,10.366870483602009
1988-02-29,wpi_yoy,10.021425115764737
1988-03-31,wpi_yoy,9.796507630963823
1988-04-30,wpi_yoy,9.777565502183382
1988-05-31,wpi_yoy,9.447694191266475
1988-06-30,wpi_yoy,8.503537578427434
1988-07-31,wpi_yoy,9.266709928617756
1988-08-31,wpi_yoy,10.347943967464989
1988-09-30,wpi_yoy,10.434726770692881
1988-10-31,wpi_yoy,10.244433068850745
1988-11-30,wpi_yoy,9.804794302791375
1988-12-31,wpi_yoy,8.98052112319756
1989-01-31,wpi_yoy,8.44245781918913
1989-02-28,wpi_yoy,8.191469313399091
1989-03-31,wpi_yoy,9.060171560954222
1989-04-30,wpi_yoy,10.466778544347077
1989-05-31,wpi_yoy,10.092598346901994
1989-06-30,wpi_yoy,10.19315944881891
1989-07-31,wpi_yoy,8.528328780140182
1989-08-31,wpi_yoy,8.927108927108929
1989-09-30,wpi_yoy,7.832306082102569
1989-10-31,wpi_yoy,7.80660514249234
1989-11-30,wpi_yoy,6.306097631594176
1989-12-31,wpi_yoy,5.8553853296193115
1990-01-31,wpi_yoy,6.9085631349782295
1990-02-28,wpi_yoy,7.321604830749573
1990-03-31,wpi_yoy,7.107589849580909
1990-04-30,wpi_yoy,7.072525741292979
1990-05-31,wpi_yoy,7.281964436917887
1990-06-30,wpi_yoy,7.145648411767991
1990-07-31,wpi_yoy,8.284995074969892
1990-08-31,wpi_yoy,7.8678839957035285
1990-09-30,wpi_yoy,8.163925586411436
1990-10-31,wpi_yoy,8.490362872832957
1990-11-30,wpi_yoy,12.708356030068613
1990-12-31,wpi_yoy,14.549640918809281
1991-01-31,wpi_yoy,14.135215856638572
1991-02-28,wpi_yoy,13.882276563514374
1991-03-31,wpi_yoy,12.473198970840492
1991-04-30,wpi_yoy,12.333158171308467
1991-05-31,wpi_yoy,14.306761378584598
1991-06-30,wpi_yoy,13.437190642421704
1991-07-31,wpi_yoy,11.335152617748157
1991-08-31,wpi_yoy,9.783420463032133
1991-09-30,wpi_yoy,12.85208634528141
1991-10-31,wpi_yoy,12.560170711130958
1991-11-30,wpi_yoy,9.187569474650804
1991-12-31,wpi_yoy,7.62383345297919
1992-01-31,wpi_yoy,7.769530878294817
1992-02-29,wpi_yoy,8.346793349168657
1992-03-31,wpi_yoy,9.155030262593522
1992-04-30,wpi_yoy,8.546568742105976
1992-05-31,wpi_yoy,6.435278954152057
1992-06-30,wpi_yoy,6.967664890685277
1992-07-31,wpi_yoy,6.781353547274294
1992-08-31,wpi_yoy,8.117913832199552
1992-09-30,wpi_yoy,6.32592658037725
1992-10-31,wpi_yoy,5.876906798342318
1992-11-30,wpi_yoy,6.595254957507102
1992-12-31,wpi_yoy,7.257203842049087
1993-01-31,wpi_yoy,8.101187585537083
1993-02-28,wpi_yoy,7.681852062963124
1993-03-31,wpi_yoy,7.413552217953212
1993-04-30,wpi_yoy,7.145319772453029
1993-05-31,wpi_yoy,6.837643802439253
1993-06-30,wpi_yoy,8.364463910000453
1993-07-31,wpi_yoy,8.620616365568544
1993-08-31,wpi_yoy,9.928691275167779
1993-09-30,wpi_yoy,10.968465661224002
1993-10-31,wpi_yoy,11.888403081407418
1993-11-30,wpi_yoy,12.170916036874013
1993-12-31,wpi_yoy,12.292703150912132
1994-01-31,wpi_yoy,13.12586784284897
1994-02-28,wpi_yoy,16.86957938026792
1994-03-31,wpi_yoy,18.213966344199626
1994-04-30,wpi_yoy,20.770654010135935
1994-05-31,wpi_yoy,23.14293810468362
1994-06-30,wpi_yoy,21.47640369299044
1994-07-31,wpi_yoy,19.17974406136267
1994-08-31,wpi_yoy,17.537299194871593
1994-09-30,wpi_yoy,17.09161705792055
1994-10-31,wpi_yoy,17.309266840342417
1994-11-30,wpi_yoy,18.402250768148676
1994-12-31,wpi_yoy,21.366069780321205
1995-01-31,wpi_yoy,20.96028880866423
1995-02-28,wpi_yoy,16.225350149815366
1995-03-31,wpi_yoy,15.472956710105557
1995-04-30,wpi_yoy,11.956304536068775
1995-05-31,wpi_yoy,10.562130177514796
1995-06-30,wpi_yoy,11.442737384610368
1995-07-31,wpi_yoy,12.730675773297428
1995-08-31,wpi_yoy,13.157809304288559
1995-09-30,wpi_yoy,12.462106617365265
1995-10-31,wpi_yoy,11.239307250664066
1995-11-30,wpi_yoy,10.378413019801759
1995-12-31,wpi_yoy,7.767424187093286
1996-01-31,wpi_yoy,6.916481038139977
1996-02-29,wpi_yoy,8.142670116800655
1996-03-31,wpi_yoy,9.260097928927301
1996-04-30,wpi_yoy,10.953523455577606
1996-05-31,wpi_yoy,10.68605856555278
1996-06-30,wpi_yoy,10.240786244433542
1996-07-31,wpi_yoy,11.447255562603843
1996-08-31,wpi_yoy,11.761679024577255
1996-09-30,wpi_yoy,10.70747906439502
1996-10-31,wpi_yoy,11.348627042057679
1996-11-30,wpi_yoy,13.227848101265804
1996-12-31,wpi_yoy,14.409403669724785
1997-01-31,wpi_yoy,15.740530732592429
1997-02-28,wpi_yoy,15.675675675675693
1997-03-31,wpi_yoy,13.402347209920284
1997-04-30,wpi_yoy,13.212068402134847
1997-05-31,wpi_yoy,13.82659464178535
1997-06-30,wpi_yoy,12.048322726782423
1997-07-31,wpi_yoy,10.665746442981504
1997-08-31,wpi_yoy,8.84868078006049
1997-09-30,wpi_yoy,9.259742292242667
1997-10-31,wpi_yoy,9.41678372613286
1997-11-30,wpi_yoy,7.434320849636666
1997-12-31,wpi_yoy,6.279757429960386
1998-01-31,wpi_yoy,3.9045659416029554
1998-02-28,wpi_yoy,3.592289719626174
1998-03-31,wpi_yoy,5.687088113253602
1998-04-30,wpi_yoy,4.670964017702506
1998-05-31,wpi_yoy,4.822395858300155
1998-06-30,wpi_yoy,5.3330766268771645
1998-07-31,wpi_yoy,6.183737107219955
1998-08-31,wpi_yoy,7.5065868263472835
1998-09-30,wpi_yoy,7.013941940412538
1998-10-31,wpi_yoy,6.718653416385356
1998-11-30,wpi_yoy,6.995553873805704
1998-12-31,wpi_yoy,6.705649344525133
1999-01-31,wpi_yoy,7.317648168230462
1999-02-28,wpi_yoy,7.5885725025843564
1999-03-31,wpi_yoy,6.060046189376456
1999-04-30,wpi_yoy,4.972654993336079
1999-05-31,wpi_yoy,4.669136141217356
1999-06-30,wpi_yoy,4.606104916834219
1999-07-31,wpi_yoy,3.49688262401735
1999-08-31,wpi_yoy,2.2591569378843435
1999-09-30,wpi_yoy,2.922411100700484
1999-10-31,wpi_yoy,2.4817323115309042
1999-11-30,wpi_yoy,0.2121922107775731
1999-12-31,wpi_yoy,-0.12815980201520416
2000-01-31,wpi_yoy,-0.41298712710337027
2000-02-29,wpi_yoy,0.0393064593614767
2000-03-31,wpi_yoy,1.86830415469037
2000-04-30,wpi_yoy,2.7932227135414323
2000-05-31,wpi_yoy,2.3986368402656444
2000-06-30,wpi_yoy,3.416040538179277
2000-07-31,wpi_yoy,3.2608695652173836
2000-08-31,wpi_yoy,3.8476622075035882
2000-09-30,wpi_yoy,4.920235824518837
2000-10-31,wpi_yoy,6.164949350028293
2000-11-30,wpi_yoy,8.99025100357318
2000-12-31,wpi_yoy,10.580114164343568
2001-01-31,wpi_yoy,9.326333436273003
2001-02-28,wpi_yoy,7.7621583864489585
2001-03-31,wpi_yoy,5.378136890256946
2001-04-30,wpi_yoy,5.660377358490587
2001-05-31,wpi_yoy,4.386226906174007
2001-06-30,wpi_yoy,4.561966714539145
2001-07-31,wpi_yoy,7.473188072327508
2001-08-31,wpi_yoy,6.798380904764056
2001-09-30,wpi_yoy,4.847418772651202
2001-10-31,wpi_yoy,2.7959817254788355
2001-11-30,wpi_yoy,0.49674753890571743
2001-12-31,wpi_yoy,-1.5729409779274728
2002-01-31,wpi_yoy,-1.059271001797879
2002-02-28,wpi_yoy,-0.511618654471746
2002-03-31,wpi_yoy,0.8127567592206564
2002-04-30,wpi_yoy,0.3543142798476451
2002-05-31,wpi_yoy,2.7930212569343027
2002-06-30,wpi_yoy,2.830414325427144
2002-07-31,wpi_yoy,1.3880855986119212
2002-08-31,wpi_yoy,2.6766801463508516
2002-09-30,wpi_yoy,3.4379526798648197
2002-10-31,wpi_yoy,5.0082983500927325
2002-11-30,wpi_yoy,5.181602842479283
2002-12-31,wpi_yoy,6.296702201853144
2003-01-31,wpi_yoy,6.9765117441279445
2003-02-28,wpi_yoy,9.839337391477908
2003-03-31,wpi_yoy,9.11242603550293
2003-04-30,wpi_yoy,7.175903140072837
2003-05-31,wpi_yoy,5.954005067238355
2003-06-30,wpi_yoy,4.14941754115723
2003-07-31,wpi_yoy,4.202319832667789
2003-08-31,wpi_yoy,3.779069767441867
2003-09-30,wpi_yoy,3.678461394827748
2003-10-31,wpi_yoy,6.052435849758275
2003-11-30,wpi_yoy,8.210565825279147
2003-12-31,wpi_yoy,9.588527509607282
2004-01-31,wpi_yoy,9.473979258151921
2004-02-29,wpi_yoy,6.877441628054859
2004-03-31,wpi_yoy,8.206796818510508
2004-04-30,wpi_yoy,10.304922850844967
2004-05-31,wpi_yoy,11.542352616573147
2004-06-30,wpi_yoy,12.76576076908853
2004-07-31,wpi_yoy,10.191605839416074
2004-08-31,wpi_yoy,7.942531851450241
2004-09-30,wpi_yoy,8.005402971634389
2004-10-31,wpi_yoy,6.636275970895067
2004-11-30,wpi_yoy,5.896635449184906
2004-12-31,wpi_yoy,4.190899760519984
2005-01-31,wpi_yoy,5.556029700435272
2005-02-28,wpi_yoy,6.7324039442366646
2005-03-31,wpi_yoy,6.331440026729029
2005-04-30,wpi_yoy,7.701915070774357
2005-05-31,wpi_yoy,6.027374670184704
2005-06-30,wpi_yoy,6.156242314943849
2005-07-31,wpi_yoy,9.364908503767499
2005-08-31,wpi_yoy,11.711032981751202
2005-09-30,wpi_yoy,11.86426546606636
2005-10-31,wpi_yoy,11.147648799736931
2005-11-30,wpi_yoy,10.907304290861418
2005-12-31,wpi_yoy,11.032671154161866
2006-01-31,wpi_yoy,10.761642949547245
2006-02-28,wpi_yoy,9.93947116916214
2006-03-31,wpi_yoy,8.50746268656717
2006-04-30,wpi_yoy,8.10204870506379
2006-05-31,wpi_yoy,9.122015708842056
2006-06-30,wpi_yoy,9.042471042471067
2006-07-31,wpi_yoy,8.43428225317988
2006-08-31,wpi_yoy,8.152866242038236
2006-09-30,wpi_yoy,8.049489453678182
2006-10-31,wpi_yoy,6.701183431952673
2006-11-30,wpi_yoy,7.457176609568816
2006-12-31,wpi_yoy,7.999408546503051
2007-01-31,wpi_yoy,5.358055332506018
2007-02-28,wpi_yoy,5.092726745870757
2007-03-31,wpi_yoy,6.095706942735113
2007-04-30,wpi_yoy,6.021597654294486
2007-05-31,wpi_yoy,6.805872291904214
2007-06-30,wpi_yoy,7.301182635790671
2007-07-31,wpi_yoy,7.5967043708979
2007-08-31,wpi_yoy,8.016351416891832
2007-09-30,wpi_yoy,9.277781609988267
2007-10-31,wpi_yoy,11.812006100097072
2007-11-30,wpi_yoy,12.63570152535387
2007-12-31,wpi_yoy,12.150876232201524
2008-01-31,wpi_yoy,15.533846047252808
2008-02-29,wpi_yoy,16.364513683049566
2008-03-31,wpi_yoy,19.788468099624712
2008-04-30,wpi_yoy,23.500843170320394
2008-05-31,wpi_yoy,28.23780609861879
2008-06-30,wpi_yoy,30.623020063357952
2008-07-31,wpi_yoy,30.212596803124782
2008-08-31,wpi_yoy,31.160370283634276
2008-09-30,wpi_yoy,29.703724818617204
2008-10-31,wpi_yoy,26.014617681604957
2008-11-30,wpi_yoy,19.98049545908316
2008-12-31,wpi_yoy,19.67185366286186
2009-01-31,wpi_yoy,17.52554931587216
2009-02-28,wpi_yoy,17.19319333008247
2009-03-31,wpi_yoy,13.194583381184867
2009-04-30,wpi_yoy,10.361597161506264
2009-05-31,wpi_yoy,6.517374219681171
2009-06-30,wpi_yoy,4.706529803945569
1977-07-31,wpi_mom,2.267235636317211
1977-08-31,wpi_mom,0.9086829706080435
1977-09-30,wpi_mom,0.18528812303131303
1977-10-31,wpi_mom,-0.8988348437211191
1977-11-30,wpi_mom,-0.12690355329950664
1977-12-31,wpi_mom,1.2108528290604825
1978-01-31,wpi_mom,0.22893434753712416
1978-02-28,wpi_mom,1.6430887120542081
1978-03-31,wpi_mom,1.6382747372236661
1978-04-30,wpi_mom,-1.512017687754097
1978-05-31,wpi_mom,-2.8061409225867195
1978-06-30,wpi_mom,0.8195805237864562
1978-07-31,wpi_mom,2.1468425525625667
1978-08-31,wpi_mom,1.515699609318455
1978-09-30,wpi_mom,0.7982040409079794
1978-10-31,wpi_mom,-0.1378725209460252
1978-11-30,wpi_mom,0.031860662701799214
1978-12-31,wpi_mom,1.72700569770321
1979-01-31,wpi_mom,1.944686032353471
1979-02-28,wpi_mom,0.8190008190008147
1979-03-31,wpi_mom,0.25724343352289125
1979-04-30,wpi_mom,0.6043214044564538
1979-05-31,wpi_mom,0.5235075002516743
1979-06-30,wpi_mom,0.787848439325689
1979-07-31,wpi_mom,4.127057732436801
1979-08-31,wpi_mom,1.017908833540071
1979-09-30,wpi_mom,-2.8277230216960048
1979-10-31,wpi_mom,0.07777309698953072
1979-11-30,wpi_mom,-1.4894926011073673
1979-12-31,wpi_mom,0.8710515070834202
1980-01-31,wpi_mom,3.3563607924921968
1980-02-29,wpi_mom,-0.05990289425561457
1980-03-31,wpi_mom,1.9432789677907625
1980-04-30,wpi_mom,0.1361596781680463
1980-05-31,wpi_mom,0.5902530980561593
1980-06-30,wpi_mom,2.2795698924731322
1980-07-31,wpi_mom,2.144659377628244
1980-08-31,wpi_mom,0.23231194495092478
1980-09-30,wpi_mom,0.9182925040339907
1980-10-31,wpi_mom,0.04360718646434503
1980-11-30,wpi_mom,4.117629965420044
1980-12-31,wpi_mom,-0.2790957298353214
1981-01-31,wpi_mom,0.8424293310943076
1981-02-28,wpi_mom,-0.038855430046347283
1981-03-31,wpi_mom,2.1684204681122976
1981-04-30,wpi_mom,1.7066144899179125
1981-05-31,wpi_mom,0.8309731202907233
1981-06-30,wpi_mom,0.8585738134986753
1981-07-31,wpi_mom,1.0713720823475104
1981-08-31,wpi_mom,1.7847799546538257
1981-09-30,wpi_mom,0.20562028786836883
1981-10-31,wpi_mom,-0.06269949840399525
1981-11-30,wpi_mom,1.0266354873666783
1981-12-31,wpi_mom,0.38389883136680236
1982-01-31,wpi_mom,0.6523817558067524
1982-02-28,wpi_mom,-0.9666424540425655
1982-03-31,wpi_mom,-1.0324983073798477
1982-04-30,wpi_mom,0.3249529673336804
1982-05-31,wpi_mom,-0.03977724741446309
1982-06-30,wpi_mom,-0.20465010516741433
1982-07-31,wpi_mom,1.9481629165479797
1982-08-31,wpi_mom,0.7096161367827092
1982-09-30,wpi_mom,0.04993342210386498
1982-10-31,wpi_mom,0.26063328342484926
1982-11-30,wpi_mom,-0.8185840707964687
1982-12-31,wpi_mom,0.5297791657372208
1983-01-31,wpi_mom,1.1260886448105634
1983-02-28,wpi_mom,0.5046626439934254
1983-03-31,wpi_mom,0.010915838882219475
1983-04-30,wpi_mom,0.6221349050425706
1983-05-31,wpi_mom,-0.032541490400261885
1983-06-30,wpi_mom,2.98394097222221
1983-07-31,wpi_mom,1.122115688547054
1983-08-31,wpi_mom,1.4170356863766553
1983-09-30,wpi_mom,0.4520470539888022
1983-10-31,wpi_mom,0.2761442086422816
1983-11-30,wpi_mom,2.3815594879902147
1983-12-31,wpi_mom,1.1356843992827326
1984-01-31,wpi_mom,0.586091410559475
1984-02-29,wpi_mom,-0.10772168633403911
1984-03-31,wpi_mom,0.18626537914807617
1984-04-30,wpi_mom,0.25930818533197453
1984-05-31,wpi_mom,0.7661526449346034
1984-06-30,wpi_mom,1.9419826625987069
1984-07-31,wpi_mom,1.0743535238333823
1984-08-31,wpi_mom,-0.6676168329457832
1984-09-30,wpi_mom,-0.5135175955293447
1984-10-31,wpi_mom,-0.01518141794446537
1984-11-30,wpi_mom,-0.8047373215912423
1984-12-31,wpi_mom,-0.5816623297106971
1985-01-31,wpi_mom,-0.3387220939183866
1985-02-28,wpi_mom,-0.347597713579495
1985-03-31,wpi_mom,0.05425935973957241
1985-04-30,wpi_mom,0.30213820886271225
1985-05-31,wpi_mom,0.9886460183826218
1985-06-30,wpi_mom,1.9579349904397692
1985-07-31,wpi_mom,0.9976745930537767
1985-08-31,wpi_mom,0.7055852644088034
1985-09-30,wpi_mom,-0.007375175160406755
1985-10-31,wpi_mom,0.5458032158135229
1985-11-30,wpi_mom,0.4914906103286709
1985-12-31,wpi_mom,-0.20439448134900173
1986-01-31,wpi_mom,0.45351473922901064
1986-02-28,wpi_mom,0.47331245904025376
1986-03-31,wpi_mom,-0.21017538773734357
1986-04-30,wpi_mom,0.48660033408383097
1986-05-31,wpi_mom,-0.2601908065915204
1986-06-30,wpi_mom,0.10869565217390686
1986-07-31,wpi_mom,0.3691639522258372
1986-08-31,wpi_mom,1.4423770373575673
1986-09-30,wpi_mom,-0.028437366699829436
1986-10-31,wpi_mom,0.6329113924050667
1986-11-30,wpi_mom,1.0529291216168302
1986-12-31,wpi_mom,0.4405594405594515
1987-01-31,wpi_mom,0.20190767945413857
1987-02-28,wpi_mom,0.5350194552529386
1987-03-31,wpi_mom,0.5321722302854548
1987-04-30,wpi_mom,0.756221641688426
1987-05-31,wpi_mom,0.3138646288209701
1987-06-30,wpi_mom,1.9045027887362398
1987-07-31,wpi_mom,2.856761447069811
1987-08-31,wpi_mom,0.5256327060350285
1987-09-30,wpi_mom,0.5293396165515274
1987-10-31,wpi_mom,0.3531753676234928
1987-11-30,wpi_mom,0.6334783721525294
1987-12-31,wpi_mom,0.5404718000890041
1988-01-31,wpi_mom,0.4553503668100145
1988-02-29,wpi_mom,0.220347519516495
1988-03-31,wpi_mom,0.32665368427666763
1988-04-30,wpi_mom,0.7388391459520083
1988-05-31,wpi_mom,0.012430853378098128
1988-06-30,wpi_mom,1.0254179354918902
1988-07-31,wpi_mom,3.580216535433056
1988-08-31,wpi_mom,1.5203705903314102
1988-09-30,wpi_mom,0.6084006084006166
1988-10-31,wpi_mom,0.1802535178509146
1988-11-30,wpi_mom,0.23216669568753012
1988-12-31,wpi_mom,-0.2142567606694179
1989-01-31,wpi_mom,-0.040622098421538855
1989-02-28,wpi_mom,-0.011611030478952955
1989-03-31,wpi_mom,1.1322069325901296
1989-04-30,wpi_mom,2.038121483522781
1989-05-31,wpi_mom,-0.3263377032577397
1989-06-30,wpi_mom,1.1176968670618237
1989-07-31,wpi_mom,2.0152961536314296
1989-08-31,wpi_mom,1.893400459669481
1989-09-30,wpi_mom,-0.4027926960257777
1989-10-31,wpi_mom,0.15637638177408153
1989-11-30,wpi_mom,-1.1629159039517667
1989-12-31,wpi_mom,-0.6373243272687845
1990-01-31,wpi_mom,0.9538950715421324
1990-02-28,wpi_mom,0.3746945424925263
1990-03-31,wpi_mom,0.930534516338466
1990-04-30,wpi_mom,2.004716981132071
1990-05-31,wpi_mom,-0.13137151865474372
1990-06-30,wpi_mom,0.9892133649039625
1990-07-31,wpi_mom,3.1000885739592254
1990-08-31,wpi_mom,1.500909642207393
1990-09-30,wpi_mom,-0.12944983818768963
1990-10-31,wpi_mom,0.4586469913754332
1990-11-30,wpi_mom,2.6797677534613706
1990-12-31,wpi_mom,0.985935914165581
1991-01-31,wpi_mom,0.5886575735821742
1991-02-28,wpi_mom,0.15225045199354081
1991-03-31,wpi_mom,-0.3182897862232581
1991-04-30,wpi_mom,1.8777105275699313
1991-05-31,wpi_mom,1.6232399307667178
1991-06-30,wpi_mom,0.22095378383353292
1991-07-31,wpi_mom,1.189601322799927
1991-08-31,wpi_mom,0.08624211338568166
1991-09-30,wpi_mom,2.662131519274369
1991-10-31,wpi_mom,0.198789592260451
1991-11-30,wpi_mom,-0.3967904064897443
1991-12-31,wpi_mom,-0.46033994334275796
1992-01-31,wpi_mom,0.7248310209889697
1992-02-29,wpi_mom,0.6887113151737179
1992-03-31,wpi_mom,0.42530801946771835
1992-04-30,wpi_mom,1.3098148794970177
1992-05-31,wpi_mom,-0.35338734700913754
1992-06-30,wpi_mom,0.7222558602197005
1992-07-31,wpi_mom,1.0133539439220351
1992-08-31,wpi_mom,1.3390010626992632
1992-09-30,wpi_mom,0.9605704697986495
1992-10-31,wpi_mom,-0.22435497943410487
1992-11-30,wpi_mom,0.2789922964813396
1992-12-31,wpi_mom,0.15779420313926096
1993-01-31,wpi_mom,1.5174129353234145
1993-02-28,wpi_mom,0.2981295434125286
1993-03-31,wpi_mom,0.1750885622378906
1993-04-30,wpi_mom,1.0568246484025545
1993-05-31,wpi_mom,-0.6395302067412012
1993-06-30,wpi_mom,2.161680767518126
1993-07-31,wpi_mom,1.25212980940681
1993-08-31,wpi_mom,2.5593863734199473
1993-09-30,wpi_mom,1.9155187545312424
1993-10-31,wpi_mom,0.6027930660077008
1993-11-30,wpi_mom,0.5321920357275856
1993-12-31,wpi_mom,0.26653833339504995
1994-01-31,wpi_mom,2.270629499723098
1994-02-28,wpi_mom,3.617328519855567
1994-03-31,wpi_mom,1.3274336283185972
1994-04-30,wpi_mom,3.2424440394732246
1994-05-31,wpi_mom,1.3121960967161783
1994-06-30,wpi_mom,0.7790927021696481
1994-07-31,wpi_mom,-0.6621652477411422
1994-08-31,wpi_mom,1.1459906744598403
1994-09-30,wpi_mom,1.5290718436516082
1994-10-31,wpi_mom,0.7897934386391192
1994-11-30,wpi_mom,1.4688620284889264
1994-12-31,wpi_mom,2.776388194097068
1995-01-31,wpi_mom,1.9286931126794693
1995-02-28,wpi_mom,-0.4387273921088619
1995-03-31,wpi_mom,0.671482958122227
1995-04-30,wpi_mom,0.09826400262040735
1995-05-31,wpi_mom,0.050571156592083
1995-06-30,wpi_mom,1.5817797996016125
1995-07-31,wpi_mom,0.48587735987120073
1995-08-31,wpi_mom,1.5292301418543097
1995-09-30,wpi_mom,0.9048635056082555
1995-10-31,wpi_mom,-0.3060929829627468
1995-11-30,wpi_mom,0.6835824354072484
1995-12-31,wpi_mom,0.3452243958572909
1996-01-31,wpi_mom,1.1238532110091848
1996-02-29,wpi_mom,0.703107280562465
1996-03-31,wpi_mom,1.7117117117117164
1996-04-30,wpi_mom,1.649689991142611
1996-05-31,wpi_mom,-0.19061104454851652
1996-06-30,wpi_mom,1.1731325366944878
1996-07-31,wpi_mom,1.5855894725488096
1996-08-31,wpi_mom,1.8156721172223333
1996-09-30,wpi_mom,-0.04692877255187966
1996-10-31,wpi_mom,0.2712713234910513
1996-11-30,wpi_mom,2.3828104677176
1996-12-31,wpi_mom,1.3923471721124292
1997-01-31,wpi_mom,2.3004059539918797
1997-02-28,wpi_mom,0.6466784244561818
1997-03-31,wpi_mom,-0.2871884735202501
1997-04-30,wpi_mom,1.4791310715157602
1997-05-31,wpi_mom,0.3511641331537474
1997-06-30,wpi_mom,-0.40745889458800866
1997-07-31,wpi_mom,0.33211397766652606
1997-08-31,wpi_mom,0.1439194051331416
1997-09-30,wpi_mom,0.3305389221556876
1997-10-31,wpi_mom,0.41539343009930896
1997-11-30,wpi_mom,0.5277923065950318
1997-12-31,wpi_mom,0.3027149749314173
1998-01-31,wpi_mom,0.014146939545400805
1998-02-28,wpi_mom,0.3441935027582721
1998-03-31,wpi_mom,1.7291607931585462
1998-04-30,wpi_mom,0.5034642032332615
1998-05-31,wpi_mom,0.49634633944575235
1998-06-30,wpi_mom,0.0777427173366263
1998-07-31,wpi_mom,1.1423871321513346
1998-08-31,wpi_mom,1.3915243516761544
1998-09-30,wpi_mom,-0.12922199447463756
1998-10-31,wpi_mom,0.13831258644536604
1998-11-30,wpi_mom,0.7886294778114422
1998-12-31,wpi_mom,0.030944697405055344
1999-01-31,wpi_mom,0.5877673678628126
1999-02-28,wpi_mom,0.5975132902772406
1999-03-31,wpi_mom,0.2838799842774131
1999-04-30,wpi_mom,-0.5269575820921579
1999-05-31,wpi_mom,0.2057703252922316
1999-06-30,wpi_mom,0.01747640685074714
1999-07-31,wpi_mom,0.06989341254586279
1999-08-31,wpi_mom,0.17897677667191303
1999-09-30,wpi_mom,0.5185411129025264
1999-10-31,wpi_mom,-0.29044563898040776
1999-11-30,wpi_mom,-1.4434155036737506
1999-12-31,wpi_mom,-0.30879174202654847
2000-01-31,wpi_mom,0.3008982698349483
2000-02-29,wpi_mom,1.0543962588785538
2000-03-31,wpi_mom,2.117349166157334
2000-04-30,wpi_mom,0.37621307340429677
2000-05-31,wpi_mom,-0.17888325737892563
2000-06-30,wpi_mom,1.0112215727268836
2000-07-31,wpi_mom,-0.08025682182984939
2000-08-31,wpi_mom,0.7482561826252399
2000-09-30,wpi_mom,1.556730446458543
2000-10-31,wpi_mom,0.892451349006329
2000-11-30,wpi_mom,1.179409476227522
2000-12-31,wpi_mom,1.1454243736592984
2001-01-31,wpi_mom,-0.8363345338135209
2001-02-28,wpi_mom,-0.39142891731568374
2001-03-31,wpi_mom,-0.14179225409171048
2001-04-30,wpi_mom,0.6450565945880227
2001-05-31,wpi_mom,-1.382618510158018
2001-06-30,wpi_mom,1.1812793787042475
2001-07-31,wpi_mom,2.701715433905938
2001-08-31,wpi_mom,0.11567379988433046
2001-09-30,wpi_mom,-0.2984787213556772
2001-10-31,wpi_mom,-1.081603090294525
2001-11-30,wpi_mom,-1.08366689446453
2001-12-31,wpi_mom,-0.9376233714962323
2002-01-31,wpi_mom,-0.3188203646507848
2002-02-28,wpi_mom,0.15992003997999937
2002-03-31,wpi_mom,1.1875062369025358
2002-04-30,wpi_mom,0.18737672583826193
2002-05-31,wpi_mom,1.0138793188305906
2002-06-30,wpi_mom,1.2180861430520329
2002-07-31,wpi_mom,1.261191874458456
2002-08-31,wpi_mom,1.3880965963110725
2002-09-30,wpi_mom,0.44073518379594834
2002-10-31,wpi_mom,0.4201288395107916
2002-11-30,wpi_mom,-0.9204165117143948
2002-12-31,wpi_mom,0.11260204560383791
2003-01-31,wpi_mom,0.3186802886868456
2003-02-28,wpi_mom,2.840325142483402
2003-03-31,wpi_mom,0.5178522758244597
2003-04-30,wpi_mom,-1.5907447577729439
2003-05-31,wpi_mom,-0.13776634827331602
2003-06-30,wpi_mom,-0.5058401545111724
2003-07-31,wpi_mom,1.3126271029765046
2003-08-31,wpi_mom,0.9762773722628015
2003-09-30,wpi_mom,0.3433631517122837
2003-10-31,wpi_mom,2.719495722647447
2003-11-30,wpi_mom,1.0958183571491142
2003-12-31,wpi_mom,1.3874436351023478
2004-01-31,wpi_mom,0.21382141635306606
2004-02-29,wpi_mom,0.40112656823418913
2004-03-31,wpi_mom,1.7681060863651954
2004-04-30,wpi_mom,0.31740728366187465
2004-05-31,wpi_mom,0.9825145711906735
2004-06-30,wpi_mom,0.5854221635883894
2004-07-31,wpi_mom,-1.0000819739322875
2004-08-31,wpi_mom,-1.0847064668377815
2004-09-30,wpi_mom,0.40180813661476744
2004-10-31,wpi_mom,1.4173753543438306
2004-11-30,wpi_mom,0.39460703715885614
2004-12-31,wpi_mom,-0.24566000655096287
2005-01-31,wpi_mom,1.52684288294207
2005-02-28,wpi_mom,1.5200517464424301
2005-03-31,wpi_mom,1.3857916533928094
2005-04-30,wpi_mom,1.610369206598583
2005-05-31,wpi_mom,-0.5875531503672149
2005-06-30,wpi_mom,0.7076755579749516
2005-07-31,wpi_mom,1.9922779922780132
2005-08-31,wpi_mom,1.0372501514233523
2005-09-30,wpi_mom,0.5395279130760544
2005-10-31,wpi_mom,0.7676827904896655
2005-11-30,wpi_mom,0.17751479289942473
2005-12-31,wpi_mom,-0.13290017720024583
2006-01-31,wpi_mom,1.279018187195069
2006-02-28,wpi_mom,0.7664793050587315
2006-03-31,wpi_mom,0.06519849319039928
2006-04-30,wpi_mom,1.2307246796496196
2006-05-31,wpi_mom,0.3504255166988379
2006-06-30,wpi_mom,0.6342645381984147
2006-07-31,wpi_mom,1.4234119396643097
2006-08-31,wpi_mom,0.7750314201927067
2006-09-30,wpi_mom,0.4434282546941004
2006-10-31,wpi_mom,-0.4897565013451177
2006-11-30,wpi_mom,0.887286843199786
2006-12-31,wpi_mom,0.37103201868902147
2007-01-31,wpi_mom,-1.1979737130339618
2007-02-28,wpi_mom,0.5127139194900376
2007-03-31,wpi_mom,1.0201971462052928
2007-04-30,wpi_mom,1.1600136472193823
2007-05-31,wpi_mom,1.0927487352445198
2007-06-30,wpi_mom,1.1009541602722495
2007-07-31,wpi_mom,1.7027455121435997
2007-08-31,wpi_mom,1.1680726800778807
2007-09-30,wpi_mom,1.6164207825529076
2007-10-31,wpi_mom,1.8179522787526992
2007-11-30,wpi_mom,1.6305021698697963
2007-12-31,wpi_mom,-0.06100164704446742
2008-01-31,wpi_mom,1.782335347616426
2008-02-29,wpi_mom,1.2353823088455673
2008-03-31,wpi_mom,3.992654463598133
2008-04-30,wpi_mom,4.295072628880647
2008-05-31,wpi_mom,4.970233218635656
2008-06-30,wpi_mom,2.981424631874696
2008-07-31,wpi_mom,1.3831910234515243
2008-08-31,wpi_mom,1.9044408864919538
2008-09-30,wpi_mom,0.4878855536260662
2008-10-31,wpi_mom,-1.0780118499012503
2008-11-30,wpi_mom,-3.236003660261211
2008-12-31,wpi_mom,-0.31808803301237587
2009-01-31,wpi_mom,-0.04312203536006587
2009-02-28,wpi_mom,0.9490940465918918
2009-03-31,wpi_mom,0.4444444444444473
2009-04-30,wpi_mom,1.684819605173593
2009-05-31,wpi_mom,1.3138075313807507
2009-06-30,wpi_mom,1.2306929875278927
